cui	original_text	bioportal_mappings
C0017337	GENES	GENE', 'http://purl.obolibrary.org/obo/SO_0000704'
C0019652	HISTONES	HISTONE', 'http://purl.obolibrary.org/obo/PR_000041244'
C1562292	INCRETINS	
C0444765	HAT - HEADWEAR	HAT', 'http://purl.obolibrary.org/obo/PR_Q9M2N5'
C2720167	SIRTUIN 1	
C0140283	RETINOID X RECEPTORS	RETINOID', 'http://purl.obolibrary.org/obo/CHEBI_26537'
C1417825	NR1H4 GENE	NR1H4', 'http://purl.obolibrary.org/obo/PR_Q96RI1'
C3539643	EIF4E WT ALLELE	EIF4E', 'http://purl.obolibrary.org/obo/PR_P63074'
C1453853	WNK1 PROTEIN, HUMAN	WNK1', 'http://purl.obolibrary.org/obo/PR_000017431'
C1530358	EP300 PROTEIN, HUMAN	EP300', 'http://purl.obolibrary.org/obo/PR_000007102'
C1567357	ATP2A2 PROTEIN, HUMAN	ATP2A2', 'http://purl.obolibrary.org/obo/PR_O55143'
C4053566	JUAN DE NOVA ISLAND	NOVA', 'http://purl.obolibrary.org/obo/CHEBI_75281'
C0079904	NF-KAPPA B	
C0763738	13-LIPOXYGENASE	OXYGENASE', 'http://purl.obolibrary.org/obo/GO_0016701'
C1442460	3 HOURS	
C0728893	5	
C1334140	IRS1 GENE	IRS1', 'http://purl.obolibrary.org/obo/PR_000009107'
C3714798	CYTOCHROME P-450 CYP3A4	CYP3A4', 'http://purl.obolibrary.org/obo/GO_0033780'
C0242738	ATP-BINDING CASSETTE TRANSPORTERS	ATP', 'http://purl.obolibrary.org/obo/CHEBI_15422'
C1843013	ALZHEIMER DISEASE, FAMILIAL, TYPE 3	ALZHEIMER DISEASE, FAMILIAL', 'http://purl.obolibrary.org/obo/MONDO_0100087'
C1416990	MALL GENE	MALL', 'http://purl.obolibrary.org/obo/PR_Q13021'
C1301757	INVASIVENESS	
C0162574	GLYCATION END PRODUCTS, ADVANCED	
C0207509	CYTOCHROME P-450 CYP1A2	CYP1A2', 'http://purl.obolibrary.org/obo/PR_P04799'
C0025918	MICE, INBRED AKR	MICE', 'http://purl.obolibrary.org/obo/NCBITaxon_10088'
C0003455	ANTS	ANT', 'http://purl.obolibrary.org/obo/PR_P13738'
C0876994	CARDIOTOXICITY	
C1332002	ABCG2 GENE	ABCG2', 'http://purl.obolibrary.org/obo/PR_Q7TMS5'
C3713294	MTR PROTEIN, HUMAN	MTR', 'http://purl.obolibrary.org/obo/PR_000010747'
C1420696	TFAM GENE	TFAM', 'http://purl.obolibrary.org/obo/PR_P40630'
C1420087	SLC10A2 GENE	SLC10A2', 'http://purl.obolibrary.org/obo/PR_P70172'
C0164786	PROTO-ONCOGENE PROTEINS C-AKT	AKT', 'http://purl.obolibrary.org/obo/PR_000029189'
C0065042	ANNEXINS	
C1412495	AQP5 GENE	AQP5', 'http://purl.obolibrary.org/obo/PR_P55064'
C1704939	ABCB1 WT ALLELE	ABCB1', 'http://purl.obolibrary.org/obo/PR_P43245'
C4284635	SERPINF2 WT ALLELE	SERPINF2', 'http://purl.obolibrary.org/obo/PR_Q61247'
C0080636	2'-FLUORO-5-ETHYLARABINOSYLURACIL	FLUORO', 'http://purl.obolibrary.org/obo/CHEBI_42645'
C0007620	CELL SURVIVAL	CELL', 'http://purl.obolibrary.org/obo/CL_0000000'
C0006041	BOTSWANA	
C1709908	REPORTED BY	
C0118522	GA-BINDING PROTEIN TRANSCRIPTION FACTOR	TRANSCRIPTION FACTOR', 'http://purl.obolibrary.org/obo/GO_0000981'
C0108685	CCAAT-ENHANCER-BINDING PROTEINS	PROTEIN', 'http://purl.obolibrary.org/obo/GO_0003675'
C0014878	ESOCIDAE	
C1567710	PARP1 PROTEIN, HUMAN	PARP1', 'http://purl.obolibrary.org/obo/PR_Q9ZP54'
C0665301	KRIT1 PROTEIN, HUMAN	KRIT1', 'http://purl.obolibrary.org/obo/PR_Q6S5J6'
C0036243	SAUDI ARABIA	
C0596263	CARCINOGENESIS	GENE', 'http://purl.obolibrary.org/obo/SO_0000704'
C3814396	CYP3A GENE LOCUS	CYP', 'http://purl.obolibrary.org/obo/CHEBI_38559'
C0383017	CAM KINASE I ACTIVATOR	CAM KINASE I', 'http://purl.obolibrary.org/obo/PR_000004988'
C3890397	PRKAA1 WT ALLELE	PRKAA1', 'http://purl.obolibrary.org/obo/PR_Q5EG47'
C1619857	CNIDIADIN	
C3667867	CORN COB EXTRACT	COB', 'http://purl.obolibrary.org/obo/PR_P00159'
C3642217	PER LITER	
C1519595	TRANSCRIPT	
C0018232	GRENADA	
C0110613	CONNEXIN 43	CONNEXIN', 'http://purl.obolibrary.org/obo/GO_0005243'
C0282625	SRC-FAMILY KINASES	SRC', 'http://purl.obolibrary.org/obo/PR_P05480'
C3853644	PROTO-ONCOGENE TYROSINE-PROTEIN KINASE SRC, HUMAN	PROTO-ONCOGENE TYROSINE-PROTEIN KINASE SRC', 'http://purl.obolibrary.org/obo/PR_000027234'
C1415300	GRIN2B GENE	GRIN2B', 'http://purl.obolibrary.org/obo/PR_Q13224'
C0030896	PENTOSTATIN	
C1538184	ZNF346 GENE	ZNF346', 'http://purl.obolibrary.org/obo/PR_Q9R0B7'
C0619238	3,4-DIHYDROXYPHENYLACETAMIDINE	
C1101610	MICRORNAS	RNA', 'http://purl.obolibrary.org/obo/GO_0005562'
C0012920	DNA TOPOISOMERASES, TYPE I	TOPOISOMERASE', 'http://purl.obolibrary.org/obo/GO_0003917'
C0079419	TP53 GENE	TP53', 'http://purl.obolibrary.org/obo/PR_000003035'
C0369773	P BLOOD GROUP ANTIBODIES	
C0752313	MAPK-ERK KINASES	MAPK', 'http://purl.obolibrary.org/obo/PR_000000019'
C4049686	INFUSION PUMP ALERT PRIORITY PH	
C0010656	CASPASE	
C2936824	PHOSPHATIDYLINOSITOL 3-KINASES	PHOSPHATIDYLINOSITOL', 'http://purl.obolibrary.org/obo/CHEBI_28874'
C1425292	TRPV3 GENE	TRPV3', 'http://purl.obolibrary.org/obo/PR_Q8NET8'
C4285349	GENERAL SELF-EFFICACY SCALE	
C1443775	EPIDERMAL GROWTH FACTOR RECEPTOR INHIBITOR (PRODUCT)	EPIDERMAL GROWTH FACTOR RECEPTOR INHIBITOR', 'http://purl.obolibrary.org/obo/CHEBI_74440'
C1739039	EGFR PROTEIN, HUMAN	EGFR', 'http://purl.obolibrary.org/obo/GO_0005006'
C0282554	CHEMOKINE	
C1447747	LIPG PROTEIN, HUMAN	LIPG', 'http://purl.obolibrary.org/obo/PR_000009836'
C0014442	ENZYMES	
C0669365	NOS3 PROTEIN, HUMAN	NOS3', 'http://purl.obolibrary.org/obo/PR_Q62600'
C3810541	ADVERSE EVENT EMERGENCY ROOM VISIT	ADVERSE EVENT', 'http://purl.obolibrary.org/obo/OAE_0000001'
C3849574	EPHB2 PROTEIN, HUMAN	EPHB2', 'http://purl.obolibrary.org/obo/PR_000007130'
C2348693	FLUX	
C3812213	FETAL BOVINE SERUM	SERUM', 'http://purl.obolibrary.org/obo/UBERON_0001977'
C0005126	BERMUDA	
C4319606	36	
C0040028	THROMBOCYTHEMIA, ESSENTIAL	THROMBOCYTHEMIA', 'http://purl.obolibrary.org/obo/MONDO_0019111'
C0684010	RABBI	
C0001271	ACTINS	
C1517331	FURTHER	
C2986904	RESPIRATORY DOMAIN	
C0034807	GABA-A RECEPTOR	GABA', 'http://purl.obolibrary.org/obo/CHEBI_16865'
C0344434	ATRIAL FIBRILLATION BY ECG FINDING	ATRIAL FIBRILLATION', 'http://purl.obolibrary.org/obo/HP_0005110'
C0119104	GF 109203X	
C3539631	GPX2 WT ALLELE	GPX2', 'http://purl.obolibrary.org/obo/PR_P83645'
C0206414	GENES, REPORTER	GENE', 'http://purl.obolibrary.org/obo/SO_0000704'
C1424765	SLC39A4 GENE	SLC39A4', 'http://purl.obolibrary.org/obo/PR_Q6P5W5'
C2698419	NR0B1 WT ALLELE	NR0B1', 'http://purl.obolibrary.org/obo/PR_000011390'
C0059735	CYTOCHROME P-450 CYP1A1	CYP1A1', 'http://purl.obolibrary.org/obo/PR_P04798'
C0534137	CYP2B6 PROTEIN, HUMAN	CYP2B6', 'http://purl.obolibrary.org/obo/PR_000006116'
C1506054	GW 5074	
C1839259	BULBO-SPINAL ATROPHY, X-LINKED	X-LINKED', 'http://purl.obolibrary.org/obo/HP_0001417'
C0330206	GINKGO BILOBA	
C4521534	UNITED STATES MILITARY ENLISTED E1	
C0376618	ENDOTOXEMIA	
C4084881	OSBP2 WT ALLELE	OSBP2', 'http://purl.obolibrary.org/obo/PR_Q9ER64'
C1097299	CD44 PROTEIN, HUMAN	CD44', 'http://purl.obolibrary.org/obo/PR_000001307'
C0018481	HEMOPHILUS DUCREYI	
C1521452	CHROMOSOME 5 SHORT ARM	ARM', 'http://purl.obolibrary.org/obo/PR_P18824'
C0032743	POSITRON-EMISSION TOMOGRAPHY	POSITRON', 'http://purl.obolibrary.org/obo/CHEBI_30225'
C1515146	TE03	
C1882406	PLAQUE FORMING UNIT	PLAQUE', 'http://purl.obolibrary.org/obo/UBERON_0016482'
C0037492	SODIUM CHANNEL	SODIUM', 'http://purl.obolibrary.org/obo/CHEBI_26708'
C0017932	GLYCOGEN (STARCH) SYNTHASE	GLYCOGEN', 'http://purl.obolibrary.org/obo/CHEBI_28087'
C0002424	AMBULATORY CARE FACILITIES	
C1879526	ABERRANT CRYPT FOCI	
C0022065	IRAN	
C0022077	IRIS (EYE)	IRIS', 'http://purl.obolibrary.org/obo/UBERON_0001769'
C1334191	IRS2 PROTEIN, HUMAN	IRS2', 'http://purl.obolibrary.org/obo/PR_000009108
C1668248	ISO	
C3810814	MYOCARDIAL INFARCTION ECG ASSESSMENT	MYOCARDIAL INFARCTION', 'http://purl.obolibrary.org/obo/MONDO_0005068'
C1550751	JB - GTSABBREVIATION	
C1955862	KATP CHANNELS	ATP', 'http://purl.obolibrary.org/obo/CHEBI_15422'
C3813110	LINC01191 GENE	GENE', 'http://purl.obolibrary.org/obo/SO_0000704
C0450662	KI2	
C0450661	KI1	
C0337445	THYROGLOBULIN MEASUREMENT	THYROGLOBULIN', 'http://purl.obolibrary.org/obo/PR_000016283'
C0701488	PK1 DOXORUBICIN-HPMA CONJUGATE	DOXORUBICIN', 'http://purl.obolibrary.org/obo/CHEBI_28748'
C1418520	PGP GENE	PGP', 'http://purl.obolibrary.org/obo/PR_Q5F4B1'
C1879645	ADVERSE EVENT BY CTCAE CATEGORY	ADVERSE EVENT', 'http://purl.obolibrary.org/obo/OAE_0000001
C2982391	LONG INTERGENIC NON-PROTEIN CODING RNA	RNA', 'http://purl.obolibrary.org/obo/GO_0005562'
C1565313	CDK6 PROTEIN, HUMAN	CDK6', 'http://purl.obolibrary.org/obo/PR_Q00534'
C0456616	10*6/L	
C0682323	PARTNER IN RELATIONSHIP	
C0376622	ABCB1 GENE	ABCB1', 'http://purl.obolibrary.org/obo/PR_P43245'
C1451667	STC1 PROTEIN, HUMAN	STC1', 'http://purl.obolibrary.org/obo/PR_P97574'
C1701084	CD9 PROTEIN, HUMAN	CD9', 'http://purl.obolibrary.org/obo/PR_P40241'
C1417965	OPRM1 GENE	OPRM1', 'http://purl.obolibrary.org/obo/PR_000001612'
C0596988	MUTANT	
C3814419	FST WT ALLELE	FST', 'http://purl.obolibrary.org/obo/PR_Q90844
C0282379	ARUBA	
C0027446	NATIONAL ACADEMY OF SCIENCES (U.S.)	
C2681866	NEAT1 GENE	'GENE', 'http://purl.obolibrary.org/obo/SO_0000704'
C1413085	CALCR GENE	CALCR', 'http://purl.obolibrary.org/obo/PR_P32214'
C1417145	MGST1 GENE	MGST1', 'http://purl.obolibrary.org/obo/PR_P10620'
C0248813	JNK MITOGEN-ACTIVATED PROTEIN KINASES	MITOGEN-ACTIVATED PROTEIN KINASE', 'http://purl.obolibrary.org/obo/PR_000000019'
C0080093	N-METHYL-D-ASPARTATE RECEPTORS	N-METHYL-D-ASPARTATE', 'http://purl.obolibrary.org/obo/CHEBI_31882'
C1875400	ISOLATE COMPOUND	
C1420200	SLC5A1 GENE	SLC5A1', 'http://purl.obolibrary.org/obo/PR_Q8C3K6'
C0074785	SODIUM-HYDROGEN ANTIPORTER	'SODIUM', 'http://purl.obolibrary.org/obo/CHEBI_26708'
C0027366	COUNTRY OF NAMIBIA	
C1456447	SLC6A2 PROTEIN, HUMAN	SLC6A2', 'http://purl.obolibrary.org/obo/PR_000015186'
C0022009	ION CHANNEL	'ION', 'http://purl.obolibrary.org/obo/MONDO_0044688'
C4330852	OLIGOMERIC PROCYANIDIN COMPLEX	PROCYANIDIN', 'http://purl.obolibrary.org/obo/CHEBI_166895'
C0533870	ORACINE	
C0384613	PURINOCEPTOR P2X4	P2X4', 'http://purl.obolibrary.org/obo/PR_Q9JJX6'
C0108303	TRPV CATION CHANNELS	'ION CHANNELS', 'http://purl.obolibrary.org/obo/GO_0022831'
C2830067	PF 03084014	
C4255448	METASTASIS	
C1418503	PGC GENE	['PGC', 'http://purl.obolibrary.org/obo/CHEBI_26336'
C1532188	TABLESPOON DOSING UNIT	
C0012155	DIET	
C1704259	BIOCHEMICAL PATHWAY	'PATHWAY', 'http://purl.obolibrary.org/obo/PW_0000001'
C0014445	ENZYMOLOGY	
C0044602	1-PHOSPHATIDYLINOSITOL 3-KINASE	PHOSPHATIDYLINOSITOL', 'http://purl.obolibrary.org/obo/CHEBI_28874')
C0016016	PLASMIN	
C1679369	POLYPHENON B	
C0014792	ERYTHROCYTES	
C1504631	SLC2A1 PROTEIN, HUMAN	SLC2A1', 'http://purl.obolibrary.org/obo/PR_P17809'
C3537453	GBA WT ALLELE	'GBA', 'http://purl.obolibrary.org/obo/PR_Q2KHZ8'
C0032589	RNA LIGASE (ATP)	RNA', 'http://purl.obolibrary.org/obo/GO_0005562'
C0242726	PLANT ROOTS	
C1420133	SLCO2B1 GENE	SLCO2B1', 'http://purl.obolibrary.org/obo/PR_Q9JHI3
C0242397	PALAU	
C1094557	REHMANNIA GLUTINOSA (PLANT)	
C1412058	ABCA1 GENE	ABCA1', 'http://purl.obolibrary.org/obo/PR_O95477'
C3714749	CYTOCHROME P-450 CYP2C19	CYP2C19', 'http://purl.obolibrary.org/obo/PR_P33261'
C0010763	CYTOCHROME P-450 CYP2E1	CYP2E1', 'http://purl.obolibrary.org/obo/PR_Q05421')
C1432814	STAT1 PROTEIN, HUMAN	STAT1', 'http://purl.obolibrary.org/obo/PR_000002087'
C0067895	CHIMERIN 1	
C0037366	SMOKE	
C2603360	T PRIME	
C0012860	DNA DAMAGE	
C0302595	SKIN TANNING	'SKIN', 'http://purl.obolibrary.org/obo/UBERON_0002199'
C1448177	TNF PROTEIN, HUMAN	TNF', 'http://purl.obolibrary.org/obo/PR_000000134'
C1456820	TUMOR NECROSIS FACTOR-ALPHA	'TUMOR NECROSIS FACTOR', 'http://purl.obolibrary.org/obo/PR_000000134
C1564816	TRPV1 RECEPTOR	'TRPV1', 'http://purl.obolibrary.org/obo/PR_O35433'
C1948030	EC REGIMEN (ETOPOSIDE-CARBOPLATIN)	'ETOPOSIDE', 'http://purl.obolibrary.org/obo/CHEBI_4911'
C0600528	IN SITU NICK-END LABELING	
C0596902	MEMBRANE TRANSPORT PROTEINS	MEMBRANE TRANSPORT', 'http://purl.obolibrary.org/obo/GO_0055085'
C0006888	CHRISTMAS ISLAND	
C1421467	TRPV1 GENE	TRPV1', 'http://purl.obolibrary.org/obo/PR_O35433'
C1412407	TRPA1 GENE	('TRPA1', 'http://purl.obolibrary.org/obo/PR_O75762'
C0917834	U-44619	
C1421313	UCP1 GENE	UCP1', 'http://purl.obolibrary.org/obo/PR_P12242'
C0041625	ULTRAVIOLET RAYS	
C3811116	RNF130 WT ALLELE	'RNF130', 'http://purl.obolibrary.org/obo/PR_Q8VEM1'
C0302357	TEST OF VISUAL EVOKED RESPONSES IN CHILDREN	
C3245499	COLOMBIA	[]
C0174599	SLC2A2 PROTEIN, HUMAN	SLC2A2', 'http://purl.obolibrary.org/obo/PR_P12336'
C4050013	HOWLAND ISLAND	[]
C3887995	LUTHERAN SUPPRESSOR, X-LINKED	'X-LINKED', 'http://purl.obolibrary.org/obo/HP_0001417'
C0623362	MATRIX METALLOPROTEINASES	
C3846574	JOHNSTON ATOLL	
C0011198	DELAWARE	
C0383779	BENZYLOXYCARBONYLVALYL-ALANYL-ASPARTYL FLUOROMETHYL KETONE	KETONE', 'http://purl.obolibrary.org/obo/CHEBI_17087'
C0025885	MEXICO	
C0023764	LIPASE	
C0006631	CADHERINS	
C1420645	ZEB1 GENE	ZEB1', 'http://purl.obolibrary.org/obo/PR_P37275'
C0001897	ALAMETHICIN	'MET', 'http://purl.obolibrary.org/obo/PR_Q8CH25'
C4317070	ALDO-KETO REDUCTASES	
C0627638	AMORPHIGENIN	
C0003242	ANTIBODIES, ANTI-IDIOTYPIC	
C0003762	ARGINASE	
C0597357	RECEPTOR	
C0758621	ATYPICAL PROTEIN KINASE C	PROTEIN KINASE C', 'http://purl.obolibrary.org/obo/PR_000045382'
C0123658	INSULIN RECEPTOR SUBSTRATE 1 PROTEIN	INSULIN RECEPTOR SUBSTRATE 1', 'http://purl.obolibrary.org/obo/PR_000009107'
C0015576	FAMILY	[]
C0006669	CALCITONIN GENE-RELATED PEPTIDE	PEPTIDE', 'http://purl.obolibrary.org/obo/PR_000018263'
C4522312	CYCLASE-ASSOCIATED ACTIN CYTOSKELETON REGULATORY PROTEIN 1	('ACTIN CYTOSKELETON', 'http://purl.obolibrary.org/obo/GO_0015629'
C1516312	CASPASE INHIBITORS	'INHIBITORS', 'http://purl.obolibrary.org/obo/CHEBI_35222')
C1709061	MODULE	[]
C0038995	SWEDEN	[]
C1321914	PMAIP1 GENE	PMAIP1', 'http://purl.obolibrary.org/obo/PR_Q13794'
C0014908	ESTONIA	
C0014894	ESTERASES	
C0026882	MUTATION	
C0006556	DNA, COMPLEMENTARY	'DNA', 'http://purl.obolibrary.org/obo/CHEBI_16991'
C3897364	THERMOACOUSTIC COMPUTED TOMOGRAPHY	
C0537026	UGT1A1 GENE	 ('UGT1A1', 'http://purl.obolibrary.org/obo/PR_P22309'
C1539791	KDM5D GENE	KDM5D', 'http://purl.obolibrary.org/obo/PR_000009207'
C1707101	CD44 WT ALLELE	CD44', 'http://purl.obolibrary.org/obo/PR_000001307'
C1547052	*TYPE - KIND OF QUANTITY	
C1413062	CACNA1H GENE	CACNA1H', 'http://purl.obolibrary.org/obo/PR_O95180'
C1261082	LEFT CORONARY ARTERY STRUCTURE	LEFT CORONARY ARTERY', 'http://purl.obolibrary.org/obo/UBERON_0001626'
C0242972	DIET, PROTEIN-RESTRICTED	'PROTEIN', 'http://purl.obolibrary.org/obo/GO_0003675'
C0023822	HIGH DENSITY LIPOPROTEIN CHOLESTEROL	('LIPOPROTEIN CHOLESTEROL', 'http://purl.obolibrary.org/obo/CHEBI_50404')
C0025543	METALLOPROTEASES	
C0030946	ENDOPEPTIDASES	
C2826011	MIR206 WT ALLELE	
C1413688	CPT1A GENE	('CPT1A', 'http://purl.obolibrary.org/obo/PR_P32198'
C0796477	CHROMOSOME 3 SHORT ARM	'CHROMOSOME', 'http://purl.obolibrary.org/obo/GO_0005694
C0439526	/ML	
C1500338	PUNCTUM	
C1333226	DLG4 GENE	DLG4', 'http://purl.obolibrary.org/obo/PR_000006514'
C1120843	MITOGEN-ACTIVATED PROTEIN KINASE P38	MITOGEN-ACTIVATED PROTEIN KINASE', 'http://purl.obolibrary.org/obo/PR_000000019')
C0220928	TOKELAU	
C1450145	LUCIFERASES, RENILLA	
C0089793	1-PHOSPHATIDYLINOSITOL 4-KINASE	PHOSPHATIDYLINOSITOL', 'http://purl.obolibrary.org/obo/CHEBI_28874'
C0032824	POTASSIUM CHANNEL	'POTASSIUM', 'http://purl.obolibrary.org/obo/CHEBI_26216'
C1425436	KCNG3 GENE	KCNG3', 'http://purl.obolibrary.org/obo/PR_P59053'
C0009450	COMMUNICABLE DISEASES	'DISEASE', 'http://purl.obolibrary.org/obo/MONDO_0000001'
C0141582	SARUPLASE	[]
C0201519	ANTIBODY TO ISLET CELLS OF PANCREAS MEASUREMENT	
C1514798	RECOMBINANTS	
C0035552	RIBOSOMAL PROTEINS	RIBOSOMAL PROTEIN', 'http://purl.obolibrary.org/obo/GO_0003735'
C0054493	RYANODINE RECEPTOR CALCIUM RELEASE CHANNEL	RYANODINE RECEPTOR', 'http://purl.obolibrary.org/obo/GO_0005219'
C1415651	TLX2 GENE	TLX2', 'http://purl.obolibrary.org/obo/PR_Q61663'
C4554674	MM GENOTYPE	[]
C0338223	BISPECIFIC ANTIBODY 2B1	ANTIBODY', 'http://purl.obolibrary.org/obo/GO_0019814
C0242481	RESEARCH ACTIVITIES	
C0024075	LUCIFERASES	
C2347813	CMAX	
C0342895	FISH-EYE DISEASE	EYE DISEASE', 'http://purl.obolibrary.org/obo/MONDO_0005328'
C0441767	STAGE LEVEL 2	
C0439799	CHANNEL	
C0040676	TRANSFERASE	
C1719914	GREEK LETTER ZETA	
C0752312	MITOGEN-ACTIVATED PROTEIN KINASES	MITOGEN-ACTIVATED PROTEIN KINASE', 'http://purl.obolibrary.org/obo/PR_000000019')
C0010531	CYCLIC AMP-DEPENDENT PROTEIN KINASES	'PROTEIN', 'http://purl.obolibrary.org/obo/GO_0003675'
C1256770	VASCULAR ENDOTHELIAL GROWTH FACTORS	
C0166441	GLUCOSE TRANSPORTER TYPE 4	'GLUCOSE', 'http://purl.obolibrary.org/obo/CHEBI_4167'
C1425988	ALYREF GENE	ALYREF', 'http://purl.obolibrary.org/obo/PR_Q86V81'
C1413447	CLCA1 GENE	CLCA1', 'http://purl.obolibrary.org/obo/PR_Q9QX15'
C1332830	CYP2D6 GENE	CYP2D6', 'http://purl.obolibrary.org/obo/PR_P10635')
C0812297	FOXG1 GENE	FOXG1', 'http://purl.obolibrary.org/obo/PR_Q90964'
C0019905	HONDURAS	
C0282359	BROMSULPHALEIN	
C0123256	INSULIN-LIKE GROWTH-FACTOR BINDING PROTEIN 1	'PROTEIN', 'http://purl.obolibrary.org/obo/GO_0003675')
C1566340	PRKCE PROTEIN, HUMAN	PRKCE', 'http://purl.obolibrary.org/obo/PR_Q02156'
C2699153	CELL INVASION	
C0040106	THYMOSIN	
C1435727	FABP6 PROTEIN, HUMAN	FABP6', 'http://purl.obolibrary.org/obo/PR_P80020'
C1417005	MAP1LC3A GENE	MAP1LC3A', 'http://purl.obolibrary.org/obo/PR_Q91VR7'
C0002712	AMYLASES	
C0017764	GLUCOSIDASE	
C1528558	BRCA1 PROTEIN, HUMAN	BRCA1', 'http://purl.obolibrary.org/obo/PR_O54952'
C0020364	MIXED FUNCTION OXYGENASES	OXYGENASE', 'http://purl.obolibrary.org/obo/GO_0016701'
C4282316	GC 1 COMPOUND	
C0006685	CALCIUM CHANNEL	'CALCIUM', 'http://purl.obolibrary.org/obo/CHEBI_29320'
C1412077	ABCC2 GENE	ABCC2', 'http://purl.obolibrary.org/obo/PR_Q6NLC1'
C0022917	LACTATE DEHYDROGENASE	'LACTATE', 'http://purl.obolibrary.org/obo/CHEBI_24996'
C0002723	SERUM AMYLOID A PROTEIN	'SERUM AMYLOID A', 'http://purl.obolibrary.org/obo/CHEBI_138152'
C1426056	TBC1D4 GENE	TBC1D4', 'http://purl.obolibrary.org/obo/PR_O60343'
C3254086	CYP19A1 PROTEIN, HUMAN	CYP19A1', 'http://purl.obolibrary.org/obo/PR_000006100
C0084844	TRESTOLONE	
C2976704	CYP7A1 PROTEIN, HUMAN	CYP7A1', 'http://purl.obolibrary.org/obo/PR_000006148'
C1416431	INA GENE	INA', 'http://purl.obolibrary.org/obo/CHEBI_73179'
C1416572	KCNH2 GENE	KCNH2', 'http://purl.obolibrary.org/obo/PR_000000791'
C0024171	LUTHERAN BLOOD-GROUP SYSTEM	
C1419788	S100A6 GENE	S100A6', 'http://purl.obolibrary.org/obo/PR_P06703'
C1425219	SLC22A12 GENE	SLC22A12', 'http://purl.obolibrary.org/obo/PR_000014983'
C1564904	CATENINS	
C1565860	PTGS2 PROTEIN, HUMAN	PTGS2', 'http://purl.obolibrary.org/obo/PR_000013428'
C0669372	NOS2A PROTEIN, HUMAN	NOS2A', 'http://purl.obolibrary.org/obo/PR_000001901'
C1417826	NR1I2 GENE	NR1I2', 'http://purl.obolibrary.org/obo/PR_Q9R1A7'
C0008107	CHILE	
C1505937	UCP1 PROTEIN, HUMAN	UCP1', 'http://purl.obolibrary.org/obo/PR_P12242'
C0010749	CYTOCHROMES C	'CYTOCHROME', 'http://purl.obolibrary.org/obo/GO_0045155
C0035126	REPERFUSION INJURY	INJURY', 'http://purl.obolibrary.org/obo/MONDO_0021178'
C3540595	CD8A WT ALLELE	CD8A', 'http://purl.obolibrary.org/obo/PR_P01732'
C1427656	ANO1 GENE	ANO1', 'http://purl.obolibrary.org/obo/PR_Q5XXA6'
C1826536	PAF1 GENE	PAF1', 'http://purl.obolibrary.org/obo/PR_P28328'
C4321526	EP -- ROUTE OF ADMINISTRATION	'ROUTE OF ADMINISTRATION', 'http://purl.obolibrary.org/obo/VO_0000574'
C0028074	NIGER	
C0020564	HYPERTROPHY	
C3529235	CX-32	
C0206518	GABA RECEPTOR	'GABA', 'http://purl.obolibrary.org/obo/CHEBI_16865'
C1527752	TNFRSF10B PROTEIN, HUMAN	TNFRSF10B', 'http://purl.obolibrary.org/obo/PR_O14763'
C1412581	ASIP GENE	ASIP', 'http://purl.obolibrary.org/obo/PR_Q03288'
C0949791	ORGANIC ANION TRANSPORT POLYPEPTIDES	'ORGANIC ANION TRANSPORT', 'http://purl.obolibrary.org/obo/GO_0015711'
C0205054	HEPATIC	
C0376515	BCL2 GENE	BCL2', 'http://purl.obolibrary.org/obo/PR_P49950'
C1507394	CLINICAL TRIAL PROTOCOL DOCUMENT	
C2936350	PLAQUE, ATHEROSCLEROTIC	'PLAQUE', 'http://purl.obolibrary.org/obo/UBERON_0016482'
C3715113	HSD11B1 WT ALLELE	'HSD11B1', 'http://purl.obolibrary.org/obo/PR_P28845'
C1421314	UCP2 GENE	UCP2', 'http://purl.obolibrary.org/obo/PR_P55851'
C0005910	BODY WEIGHT	'BODY', 'http://purl.obolibrary.org/obo/UBERON_0000468'
C1420121	SLC1A3 GENE	SLC1A3', 'http://purl.obolibrary.org/obo/PR_P56564'
C1424110	CTCFL GENE	CTCFL', 'http://purl.obolibrary.org/obo/PR_Q8NI51'
C1420132	SLCO1B3 GENE	SLCO1B3', 'http://purl.obolibrary.org/obo/PR_000015224'
C0031995	PITCAIRN ISLAND	
C1336636	TLR4 GENE	TLR4', 'http://purl.obolibrary.org/obo/PR_000001155'
C0086860	PROMOTER	
C3538936	DEVICE EXPOSURE DOMAIN	'DEVICE', 'http://purl.obolibrary.org/obo/OBI_0000968'
C4288814	LIVER X RECEPTOR-LIKE FAMILY	'LIVER', 'http://www.ebi.ac.uk/efo/EFO_0000887'
C1420176	SLC2A5 GENE	SLC2A5', 'http://purl.obolibrary.org/obo/PR_P22732'
C1332420	BLNK GENE	BLNK', 'http://purl.obolibrary.org/obo/PR_Q8WV28'
C1704697	GCLC WT ALLELE	'GCLC', 'http://purl.obolibrary.org/obo/MONDO_0006275'
C1134711	NQO	
C1415619	HMOX1 GENE	HMOX1', 'http://purl.obolibrary.org/obo/PR_P09601'
C3711796	ATM PROTEIN, HUMAN	ATM', 'http://purl.obolibrary.org/obo/PR_Q9M3G7'
C0389995	RHO-ASSOCIATED KINASES	RHO', 'http://purl.obolibrary.org/obo/PR_P15409'
C1692321	CELLULAR INFILTRATE	'CELL', 'http://purl.obolibrary.org/obo/CL_0000000
C1420143	SLC22A8 GENE	SLC22A8', 'http://purl.obolibrary.org/obo/PR_Q8TCC7'
C0018358	GUANYLATE CYCLASE	
C0772088	GLUCAGON, HUMAN	GLUCAGON', 'http://purl.obolibrary.org/obo/CHEBI_5391'
C0772289	CORTICOTROPIN-RELEASING FACTOR, HUMAN	CORTICOTROPIN-RELEASING FACTOR', 'http://purl.obolibrary.org/obo/CHEBI_65311'
C1420131	SLCO1B1 GENE	SLCO1B1', 'http://purl.obolibrary.org/obo/PR_000015223'
C0815090	LIGAND-GATED ION CHANNELS	ION CHANNELS', 'http://purl.obolibrary.org/obo/GO_0022831'
C4086551	LIVER IRON CONCENTRATION	
C0120285	GREEN FLUORESCENT PROTEINS	'PROTEIN', 'http://purl.obolibrary.org/obo/GO_0003675'
C1420188	SLC35A2 GENE	SLC35A2', 'http://purl.obolibrary.org/obo/PR_P78381'
C1453959	SLC9A1 PROTEIN, HUMAN	SLC9A1', 'http://purl.obolibrary.org/obo/PR_P19634'
C4553228	LUGANO LYMPHOMA RESPONSE CLASSIFICATION PROGRESSIVE DISEASE BY CT	LYMPHOMA', 'http://purl.obolibrary.org/obo/HP_0002665')
C1138348	MOIRA PROTEIN, DROSOPHILA	'PROTEIN', 'http://purl.obolibrary.org/obo/GO_0003675')
C0001942	ALCOHOL DEHYDROGENASE	'ALCOHOL', 'http://purl.obolibrary.org/obo/CHEBI_16236'
C3486709	BRAIN-DERIVED NEUROTROPHIC FACTOR, HUMAN	BRAIN-DERIVED NEUROTROPHIC FACTOR', 'http://purl.obolibrary.org/obo/PR_000004716')
C1705396	GLI2 WT ALLELE	'GLI2', 'http://purl.obolibrary.org/obo/PR_P10070'
C1421999	SLC38A1 GENE	SLC38A1', 'http://purl.obolibrary.org/obo/PR_000015118'
C1307407	FRAP1 PROTEIN, HUMAN	FRAP1', 'http://purl.obolibrary.org/obo/PR_P42346'
C0032052	HUMAN PLACENTAL LACTOGEN	PLACENTAL LACTOGEN', 'http://purl.obolibrary.org/obo/PR_000005936'
C1334032	HDAC1 PROTEIN, HUMAN	HDAC1', 'http://purl.obolibrary.org/obo/PR_O09106'
C0019643	HISTONE DEACETYLASE	'HISTONE', 'http://purl.obolibrary.org/obo/PR_000041244')
C3539688	DEGS1 WT ALLELE	'DEGS1', 'http://purl.obolibrary.org/obo/PR_000006413'
C1420201	SLC5A2 GENE	SLC5A2', 'http://purl.obolibrary.org/obo/PR_P53792'
C1428114	TBATA GENE	TBATA', 'http://purl.obolibrary.org/obo/PR_Q96M53'
C1706074	DATA TABLE	'DATA', 'http://purl.obolibrary.org/obo/IAO_0000027'
C1143949	TNFSF10 PROTEIN, HUMAN	TNFSF10', 'http://purl.obolibrary.org/obo/PR_000002106'
C3840667	LINE 1	[]
C0006784	CALPAIN	[]
C1419864	SCN5A GENE	SCN5A', 'http://purl.obolibrary.org/obo/PR_000002101'
C1420828	TNNT2 GENE	TNNT2', 'http://purl.obolibrary.org/obo/PR_P50753'
C1413058	CACNA1D GENE	CACNA1D', 'http://purl.obolibrary.org/obo/PR_000002114'
C1413784	NKX2-5 GENE	NKX2-5', 'http://purl.obolibrary.org/obo/PR_000011245'
C1415499	HCN2 GENE	HCN2', 'http://purl.obolibrary.org/obo/PR_O88703'
C1416562	KCND3 GENE	KCND3', 'http://purl.obolibrary.org/obo/PR_Q9Z0V1'
C1416579	KCNJ12 GENE	KCNJ12', 'http://purl.obolibrary.org/obo/PR_P52188'
C1417541	MYH6 GENE	MYH6', 'http://purl.obolibrary.org/obo/PR_P02563'
C3848561	FERRIC CATION	CATION', 'http://purl.obolibrary.org/obo/CHEBI_36916'
C0009738	CONGO	[]
C0182537	PUMP (DEVICE)	'DEVICE', 'http://purl.obolibrary.org/obo/OBI_0000968'
C1431123	STK11 PROTEIN, HUMAN	STK11', 'http://purl.obolibrary.org/obo/GO_0033868'
C2240107	TMEM201 GENE	TMEM201', 'http://purl.obolibrary.org/obo/PR_000029803'
C0761993	ABCG2 PROTEIN, HUMAN	ABCG2', 'http://purl.obolibrary.org/obo/PR_Q7TMS5'
C1425620	ADGRL2 GENE	ADGRL2', 'http://purl.obolibrary.org/obo/PR_000001234'
C0253050	STAT3 PROTEIN	STAT3', 'http://purl.obolibrary.org/obo/PR_Q6DV79'
C0387583	CYCLOOXYGENASE 2	'OXYGENASE', 'http://purl.obolibrary.org/obo/GO_0016701'
C1420130	SLCO1A2 GENE	SLCO1A2', 'http://purl.obolibrary.org/obo/PR_O88397'
C0333641	ATROPHIC	
C0208940	HUMAN REG1A PROTEIN	REG1A', 'http://purl.obolibrary.org/obo/PR_P05451'
C1738970	ABCB1 PROTEIN, HUMAN	ABCB1', 'http://purl.obolibrary.org/obo/PR_P43245'
C0165519	MATRIX METALLOPROTEINASE 9	
C3887622	GAP (SPACE)	'GAP', 'http://purl.obolibrary.org/obo/CHEBI_17138
C1422064	ACE2 GENE	ACE2', 'http://purl.obolibrary.org/obo/PR_P21192'
C0016059	FIBROSIS	[]
C0034830	NICOTINIC RECEPTORS	[]
C1436327	AKR1B1 PROTEIN, HUMAN	AKR1B1', 'http://purl.obolibrary.org/obo/PR_P80276'
C0080058	PROTO-ONCOGENE PROTEINS P21(RAS)	('P21', 'http://purl.obolibrary.org/obo/PR_000016596'
C1418213	P2RX4 GENE	P2RX4', 'http://purl.obolibrary.org/obo/PR_Q9JJX6'
C3814448	LOW ANTERIOR RESECTION	
C1720948	RECEPTORS, TNF-RELATED APOPTOSIS-INDUCING LIGAND	TNF-RELATED APOPTOSIS-INDUCING LIGAND', 'http://purl.obolibrary.org/obo/PR_000002106')
C1881023	HLA CLASS II HISTOCOMPATIBILITY ANTIGEN, DRB1-4 BETA CHAIN PROTEIN	 ('DRB1', 'http://purl.obolibrary.org/obo/PR_O04492')
C0079183	CYCLINS	
C0034783	ADRENERGIC RECEPTOR	
C1420182	SLC31A1 GENE	SLC31A1', 'http://purl.obolibrary.org/obo/PR_Q9JK41'
C0242656	DISEASE PROGRESSION	'DISEASE', 'http://purl.obolibrary.org/obo/MONDO_0000001'
C2247789	SCRAMBLASE	
C1428459	ANO6 GENE	ANO6', 'http://purl.obolibrary.org/obo/PR_Q4KMQ2'
C1823140	STX2 GENE	STX2', 'http://purl.obolibrary.org/obo/PR_000015794'
C0086376	GTP-BINDING PROTEINS	GTP', 'http://purl.obolibrary.org/obo/CHEBI_37565'
C0086661	MYC GENE	MYC', 'http://purl.obolibrary.org/obo/PR_P01108'
C0139905	RAF PROTO-ONCOGENE SERINE/THREONINE-PROTEIN KINASE, HUMAN	RAF PROTO-ONCOGENE SERINE/THREONINE-PROTEIN KINASE', 'http://purl.obolibrary.org/obo/PR_000003244')
C1427500	PDHX GENE	PDHX', 'http://purl.obolibrary.org/obo/PR_Q8BKZ9'
C1414371	ELAVL1 GENE	'ELAVL1', 'http://purl.obolibrary.org/obo/PR_B5DF91')
C0035696	RNA, MESSENGER	'RNA', 'http://purl.obolibrary.org/obo/GO_0005562'
C0171552	METHOXYRESORUFIN-O-DEMETHYLASE	DEMETHYLASE', 'http://purl.obolibrary.org/obo/PR_000010215')
C3258486	VOLTAGE-GATED	'VOLTAGE', 'http://purl.obolibrary.org/obo/CHEBI_38876'
C0919442	NBL1 GENE	NBL1', 'http://purl.obolibrary.org/obo/PR_Q61477'
C0057223	CYTOCHROME P-450 CYP2D6	CYP2D6', 'http://purl.obolibrary.org/obo/PR_P10635'
C1413881	CYP3A GENE	('CYP', 'http://purl.obolibrary.org/obo/CHEBI_38559'
C0166415	PPAR ALPHA	PPAR', 'http://purl.obolibrary.org/obo/PR_P37230'
C0051169	ALKANE 1-MONOOXYGENASE	OXYGENASE', 'http://purl.obolibrary.org/obo/GO_0016701'
C0525405	CYTOCHROME P-450 CYP4A2 (RAT)	CYP4A2 (RAT)', 'http://purl.obolibrary.org/obo/RGD_2479'
C3890394	CHILDREN'S MEMORY SCALE	
C1412622	ATF6 GENE	ATF6', 'http://purl.obolibrary.org/obo/PR_G3V909'
C0024853	MARTINIQUE	[]
C1417055	MBNL1 GENE	MBNL1', 'http://purl.obolibrary.org/obo/PR_Q9NR56'
C4281807	VITRONECTIN, HUMAN	VITRONECTIN', 'http://purl.obolibrary.org/obo/PR_000017360'
C0538674	HEME OXYGENASE-1	OXYGENASE', 'http://purl.obolibrary.org/obo/GO_0016701'
C0232910	TERATOGENESIS	
C0015696	FATTY LIVER, ALCOHOLIC	FATTY LIVER', 'http://purl.obolibrary.org/obo/MONDO_0004790'
C1456380	MAPK14 PROTEIN, HUMAN	MAPK14', 'http://purl.obolibrary.org/obo/PR_Q16539')
C4281815	RESISTANCE	[]
C2975867	GPI PROTEIN, HUMAN	GPI', 'http://purl.obolibrary.org/obo/PR_000008175'
C0074448	SHIGA TOXIN 1	'TOXIN', 'http://purl.obolibrary.org/obo/VO_0000560'
C0074449	SHIGA TOXIN 2	'TOXIN', 'http://purl.obolibrary.org/obo/VO_0000560'
C1420498	STX1A GENE	STX1A', 'http://purl.obolibrary.org/obo/PR_000015792'
C3891303	ATLANTIC STANDARD TIME	
C1420441	RECK GENE	RECK', 'http://purl.obolibrary.org/obo/PR_O95980'
C0001479	NA(+)-K(+)-EXCHANGING ATPASE	ATPASE', 'http://purl.obolibrary.org/obo/GO_0016887'
C0135262	1-(2-(4-AMINOPHENYL)ETHYL)-4-(3-TRIFLUOROMETHYLPHENYL)PIPERAZINE	PIPERAZINE', 'http://purl.obolibrary.org/obo/CHEBI_28568'
C0521116	CURRENT (PRESENT TIME)	'TIME', 'http://purl.obolibrary.org/obo/PATO_0000165'
C1742865	TMPRSS2 PROTEIN, HUMAN	TMPRSS2', 'http://purl.obolibrary.org/obo/PR_000016456'
C0108066	CALCITONIN-GENE RELATED PEPTIDE RECEPTOR	CALCITONIN', 'http://purl.obolibrary.org/obo/CHEBI_3306'
C0025923	MICE, INBRED DBA	'MICE', 'http://purl.obolibrary.org/obo/NCBITaxon_10088')
C1337080	KU PROTEIN	'PROTEIN', 'http://purl.obolibrary.org/obo/GO_0003675'
C0025831	METHYLTRANSFERASE	
C0042124	UTAH	
C0085151	AMYLOID BETA-PROTEIN PRECURSOR	AMYLOID BETA', 'http://purl.obolibrary.org/obo/CHEBI_64645
C0007600	CULTURED CELL LINE	CULTURED CELL', 'http://purl.obolibrary.org/obo/CL_0000010'
C0008109	CHIMERA ORGANISM	ORGANISM', 'http://purl.obolibrary.org/obo/UBERON_0000468'
C0033551	PROSTAGLANDIN-ENDOPEROXIDE SYNTHASE	PROSTAGLANDIN', 'http://purl.obolibrary.org/obo/CHEBI_26333'
C1562415	SKIN DRAG	'SKIN', 'http://purl.obolibrary.org/obo/UBERON_0002199'
C0683454	INTERNAL-EXTERNAL LOCUS OF CONTROL SCALE	
C0037657	SOMATOMEDINS	[]
C0064634	LAMININ RECEPTOR	[]
C4054466	MORPHOLOGIC LEUKEMIA-FREE STATE	
C1518422	NEGATION	
C0288406	UREA TRANSPORTER	'UREA', 'http://purl.obolibrary.org/obo/CHEBI_16199'
C0171484	SECRETASE	[]
C0023617	LIBERIA	[]
C1453024	SDHD PROTEIN, HUMAN	SDHD', 'http://purl.obolibrary.org/obo/PR_000023921'
C0120465	GUANINE NUCLEOTIDE EXCHANGE FACTORS	'GUANINE NUCLEOTIDE', 'http://purl.obolibrary.org/obo/CHEBI_61292'
C0017822	GLUTATHIONE PEROXIDASE	'GLUTATHIONE', 'http://purl.obolibrary.org/obo/CHEBI_16856')
C0215848	HYPOXIA-INDUCIBLE FACTOR 1	'HYPOXIA', 'http://purl.obolibrary.org/obo/HP_0012418'
C0031678	PHOSPHORIC MONOESTER HYDROLASES	[]
C1504637	TXN PROTEIN, HUMAN	TXN', 'http://purl.obolibrary.org/obo/PR_P10599'
C0751951	CENTRAL CORE MYOPATHY (DISORDER)	CENTRAL CORE MYOPATHY', 'http://purl.obolibrary.org/obo/MONDO_0007294'
C1439340	SLC6A3 PROTEIN, HUMAN	SLC6A3', 'http://purl.obolibrary.org/obo/PR_Q01959'
C1420514	SULT1A1 GENE	SULT1A1', 'http://purl.obolibrary.org/obo/PR_P50225'
C1311129	BILIRUBIN URIDINE-DIPHOSPHOGLUCURONOSYL TRANSFERASE 1A10	BILIRUBIN', 'http://purl.obolibrary.org/obo/CHEBI_16990'
C1421328	UGT1A4 GENE	UGT1A4', 'http://purl.obolibrary.org/obo/PR_P22310'
C1413061	CACNA1G GENE	CACNA1G', 'http://purl.obolibrary.org/obo/PR_O54898'
C1538931	ARL6IP5 GENE	ARL6IP5', 'http://purl.obolibrary.org/obo/PR_Q8R5J9'
C0035970	RUSSIA	[]
C3850446	COMT PROTEIN, HUMAN	COMT', 'http://purl.obolibrary.org/obo/PR_000005731'
C4039583	CHIMERIC ANTIGEN RECEPTOR	'ANTIGEN', 'http://purl.obolibrary.org/obo/CHEBI_59132
C2239486	GEN1 GENE	GEN1', 'http://purl.obolibrary.org/obo/PR_000007938'
C1136197	NAD(P)H DEHYDROGENASE (QUINONE) 1, HUMAN	('NAD(P)H DEHYDROGENASE', 'http://purl.obolibrary.org/obo/GO_0008751'
C1019118	IPS <INVERTEBRATE>	IPS', 'http://purl.obolibrary.org/obo/MONDO_0012089'
C0312399	ALKALINE PHOSPHATASE ISOENZYME, BONE FRACTION	ALKALINE PHOSPHATASE', 'http://purl.obolibrary.org/obo/PR_000023540
C0011928	DIAGNOSIS-RELATED GROUPS	
C1333572	FOXO1 GENE	FOXO1', 'http://purl.obolibrary.org/obo/PR_000007640'
C1414968	GAPDH GENE	GAPDH', 'http://purl.obolibrary.org/obo/PR_P16858'
C4283927	GJB2 PROTEIN, HUMAN	GJB2', 'http://purl.obolibrary.org/obo/PR_P29033'
C1415275	GPX1 GENE	GPX1', 'http://purl.obolibrary.org/obo/PR_O48646'
C1415761	HSPA5 GENE	HSPA5', 'http://purl.obolibrary.org/obo/PR_Q0VCX2'
C1412079	ABCC4 GENE	ABCC4', 'http://purl.obolibrary.org/obo/PR_Q7DM58'
C1416797	STMN1 GENE	STMN1', 'http://purl.obolibrary.org/obo/PR_000015759'
C0170168	MITOGEN ACTIVATED PROTEIN KINASE 1	'PROTEIN', 'http://purl.obolibrary.org/obo/GO_0003675'
C3887624	HUMAN NEPRILYSIN	('NEPRILYSIN', 'http://purl.obolibrary.org/obo/PR_000001898'
C1705597	PDGFB WT ALLELE	'PDGFB', 'http://purl.obolibrary.org/obo/PR_000012491'
C4552913	LUGANO LYMPHOMA RESPONSE CLASSIFICATION PARTIAL REMISSION BY CT	
C0219474	BAX PROTEIN	BAX', 'http://purl.obolibrary.org/obo/PR_Q07812'
C1419129	PTS GENE	PTS', 'http://purl.obolibrary.org/obo/PR_Q9R1Z7'
C1419227	RAC1 GENE	RAC1', 'http://purl.obolibrary.org/obo/PR_P63001'
C0298987	CYTOCHROME P-450 CYP1B1	CYP1B1', 'http://purl.obolibrary.org/obo/PR_Q16678'
C0664336	SURVIVIN	[]
C3266262	MULTIPLE CHRONIC CONDITIONS	'CHRONIC', 'http://purl.obolibrary.org/obo/HP_0011010'
C0007370	CATALEPSY	[]
C0003130	ANOXIA	[]
C0439392	CM/S	[]
C0031727	PHOSPHOTRANSFERASES	
C1456795	APCS GENE	APCS', 'http://purl.obolibrary.org/obo/PR_P23680'
C1864233	ENDPLATE ACETYLCHOLINESTERASE DEFICIENCY (DISORDER)	ENDPLATE ACETYLCHOLINESTERASE DEFICIENCY', 'http://purl.obolibrary.org/obo/MONDO_0011281'
C3711837	ATR PROTEIN, HUMAN	ATR', 'http://purl.obolibrary.org/obo/PR_000004068'
C1337208	FIG FLAVOR	'FIG', 'http://purl.obolibrary.org/obo/PR_000006421'
C0387261	2-(N-(7-NITROBENZ-2-OXA-1,3-DIAZOL-4-YL)AMINO)-2-DEOXYGLUCOSE	DEOXYGLUCOSE', 'http://purl.obolibrary.org/obo/CHEBI_15866'
C1420234	SLC9A3 GENE	SLC9A3', 'http://purl.obolibrary.org/obo/PR_P26433'
C1426005	SLC30A5 GENE	SLC30A5', 'http://purl.obolibrary.org/obo/PR_Q5ZLF4'
C1426153	SLC30A7 GENE	SLC30A7', 'http://purl.obolibrary.org/obo/PR_Q8NEW0'
C1333655	GADD45A GENE	GADD45A', 'http://purl.obolibrary.org/obo/PR_P48317'
C0597298	PROTEIN ISOFORMS	'PROTEIN', 'http://purl.obolibrary.org/obo/GO_0003675'
C0017040	GAMMA-GLUTAMYL TRANSFERASE	('GAMMA-GLUTAMYL', 'http://purl.obolibrary.org/obo/CHEBI_24190'
C0010746	CYTOCHROMES B5	'CYTOCHROME', 'http://purl.obolibrary.org/obo/GO_0045155'
C1415053	GGT1 GENE	GGT1', 'http://purl.obolibrary.org/obo/PR_Q9LR30'
C1413947	DDIT3 GENE	DDIT3', 'http://purl.obolibrary.org/obo/PR_Q62857'
C1415288	GRIA2 GENE	GRIA2', 'http://purl.obolibrary.org/obo/PR_P23819'
C0377707	NUCLEASE SENSITIVE ELEMENT BINDING PROTEIN 1	'PROTEIN', 'http://purl.obolibrary.org/obo/GO_0003675')
C0017742	GLUCOSE TRANSPORTER	'GLUCOSE', 'http://purl.obolibrary.org/obo/CHEBI_4167'
C1420100	SLC15A1 GENE	SLC15A1', 'http://purl.obolibrary.org/obo/PR_P46059'
C0357126	EPOETIN ALFA	ALFA', 'http://purl.obolibrary.org/obo/PR_P10901'
C0853897	DIABETIC CARDIOMYOPATHIES	'CARDIOMYOPATHIES', 'http://purl.obolibrary.org/obo/MONDO_0004994'
C2350877	PROMOTER, GENETIC	GENETIC', 'http://purl.obolibrary.org/obo/MONDO_0021152'
C0132555	NITRIC OXIDE SYNTHASE	NITRIC OXIDE', 'http://purl.obolibrary.org/obo/CHEBI_16480'
C0248868	CALMODULIN-DEPENDENT PROTEIN KINASE II	CALMODULIN', 'http://purl.obolibrary.org/obo/PR_000004978'
C4319829	TRPC6 CATION CHANNEL	TRPC6', 'http://purl.obolibrary.org/obo/PR_Q61143'
C0010760	CYTOCHROME C OXIDASE	'CYTOCHROME C', 'http://purl.obolibrary.org/obo/GO_0045155')
C0017755	GLUCOSE-6-PHOSPHATASE	PHOSPHATASE', 'http://purl.obolibrary.org/obo/GO_0016791'
C0037683	SON (PERSON)	'SON', 'http://purl.obolibrary.org/obo/PR_000015406'
C0008905	CLATHRIN	[]
C0069227	O-(GLUCURONIC ACID 2-SULFATE)-(1--3)-O-(2,5)-ANDYDROTALITOL 6-SULFATE	'GLUCURONIC ACID', 'http://purl.obolibrary.org/obo/CHEBI_24298'
C0243044	HSP90 HEAT-SHOCK PROTEINS	HSP90', 'http://purl.obolibrary.org/obo/PR_P02828'
C0123759	INTERLEUKIN-12	'INTERLEUKIN-1', 'http://purl.obolibrary.org/obo/PR_000001091'
C0020898	ILLINOIS (GEOGRAPHIC LOCATION)	
C1701790	IL17A PROTEIN, HUMAN	IL17A', 'http://purl.obolibrary.org/obo/PR_Q16552'
C0076681	TILMICOSIN	
C0326287	ANT-THRUSH (ORGANISM)	
C0031640	PHOSPHORIC DIESTER HYDROLASE	'DIESTER', 'http://purl.obolibrary.org/obo/CHEBI_51307'
C1415105	GLP1R GENE	GLP1R', 'http://purl.obolibrary.org/obo/PR_P43220'
C1421924	GABARAPL2 GENE	GABARAPL2', 'http://purl.obolibrary.org/obo/PR_P60521'
C0166418	PEROXISOME PROLIFERATOR-ACTIVATED RECEPTORS	PEROXISOME', 'http://purl.obolibrary.org/obo/GO_0005777'
C1418858	NPY4R GENE	NPY4R', 'http://purl.obolibrary.org/obo/PR_Q61041'
C1417819	NPY6R GENE	NPY6R', 'http://purl.obolibrary.org/obo/PR_000001624'
C0086222	ENHANCER OF TRANSCRIPTION	TRANSCRIPTION', 'http://purl.obolibrary.org/obo/GO_0006351'
C1425192	MYEF2 GENE	MYEF2', 'http://purl.obolibrary.org/obo/PR_Q9P2K5'
C0758917	PROCASPASE-9	'CASPASE-9', 'http://purl.obolibrary.org/obo/PR_000002318'
C1672855	APAF1 PROTEIN, HUMAN	APAF1', 'http://purl.obolibrary.org/obo/PR_Q9EPV5'
C0034678	RAS ONCOGENE	RAS', 'http://purl.obolibrary.org/obo/PR_P03967'
C0072402	PROTEIN-SERINE-THREONINE KINASES	THREONINE', 'http://purl.obolibrary.org/obo/CHEBI_16857'
C1706586	RAF1 WT ALLELE	'RAF1', 'http://purl.obolibrary.org/obo/PR_O74910'
C1335837	SLC2A1 GENE	SLC2A1', 'http://purl.obolibrary.org/obo/PR_P17809'
C1416578	KCNJ11 GENE	('KCNJ11', 'http://purl.obolibrary.org/obo/PR_Q14654'
C0040691	TRANSFORMING GROWTH FACTORS	'GROWTH', 'http://purl.obolibrary.org/obo/GO_0040007'
C1506024	VOLTAGE-DEPENDENT ANION CHANNELS	'ION CHANNELS', 'http://purl.obolibrary.org/obo/GO_0022831')
C0031164	PERMEABILITY	[]
C1412116	ASIC3 GENE	ASIC3', 'http://purl.obolibrary.org/obo/PR_Q9UHC3'
C0027552	NEEDS	[]
C1423088	RBM15 GENE	RBM15', 'http://purl.obolibrary.org/obo/PR_000029709'
C0919532	GENOMIC INSTABILITY	[]
C1384585	BLOOD GROUP ANTIGEN P2	BLOOD GROUP ANTIGEN', 'http://purl.obolibrary.org/obo/GO_0005555'
C1419771	RUNX2 GENE	RUNX2', 'http://purl.obolibrary.org/obo/PR_Q13950'
C1741784	BLM PROTEIN, HUMAN	BLM', 'http://purl.obolibrary.org/obo/MONDO_0008876'
C0578022	FINDING OF BODY MASS INDEX	
C0243021	CELL CYCLE PROTEINS	CELL CYCLE', 'http://purl.obolibrary.org/obo/GO_0007049
C0913336	FRIZZLED RELATED PROTEIN-1	RELA', 'http://purl.obolibrary.org/obo/PR_Q04207'
C1426330	GPBAR1 GENE	GPBAR1', 'http://purl.obolibrary.org/obo/PR_Q8TDU6'
C1334497	MCTS1 PROTEIN, HUMAN	MCTS1', 'http://purl.obolibrary.org/obo/PR_000010257'
C1825950	MCAT GENE	MCAT', 'http://purl.obolibrary.org/obo/PR_000010231'
C1442824	POU2F1 PROTEIN, HUMAN	POU2F1', 'http://purl.obolibrary.org/obo/PR_P15143'
C1442823	POU2F2 PROTEIN, HUMAN	OU2F2', 'http://purl.obolibrary.org/obo/PR_000013036'
C1420141	SLC22A6 GENE	SLC22A6', 'http://purl.obolibrary.org/obo/PR_Q6NYN7'
C0331496	AVENA (PLANT)	
C1420162	SLC26A2 GENE	SLC26A2', 'http://purl.obolibrary.org/obo/PR_P50443'
C1417154	MIA GENE	MIA', 'http://purl.obolibrary.org/obo/PR_Q16674'
C1420178	SLC30A1 GENE	SLC30A1', 'http://purl.obolibrary.org/obo/PR_000015073'
C1421585	SLC39A1 GENE	SLC39A1', 'http://purl.obolibrary.org/obo/PR_Q9QZ03'
C2348513	FATHER - COURTESY TITLE	[]
C4284744	IGHV3-21 WT ALLELE	'IGHV3-21', 'http://purl.obolibrary.org/obo/PR_A0A0B4J1V1'
C0753208	GAMMA SYNUCLEIN	'GAMMA', 'http://purl.obolibrary.org/obo/CHEBI_30212'
C0205548	STAT (DO IMMEDIATELY)	'STAT', 'http://purl.obolibrary.org/obo/PR_000015389'
C0172537	MATRIX METALLOPROTEINASE 2	
C3828732	OCTOBER	[]
C3710940	STS PROTEIN, HUMAN	STS', 'http://purl.obolibrary.org/obo/PR_P15589'
C0897599	SULT1C1 PROTEIN	SULT1C1', 'http://purl.obolibrary.org/obo/PR_Q80VR3'
C0084726	T CELL TRANSCRIPTION FACTOR 1	TRANSCRIPTION FACTOR 1', 'http://purl.obolibrary.org/obo/PR_000008652'
C0087071	TELOMERASE	'RAS', 'http://purl.obolibrary.org/obo/PR_P03967'
C1537991	MT-ND3 GENE	MT-ND3', 'http://purl.obolibrary.org/obo/PR_P03899'
C0162734	ECHO-PLANAR IMAGING	[]
C0034801	OPIOID RECEPTOR	[]
C0147139	THROMBOSPONDIN 1	[]
C1097411	SOLUBLE GUANYLYL CYCLASE	'SOLUBLE', 'http://purl.obolibrary.org/obo/GO_0005625'
C3850148	VASCULAR REMODELING	[]
C1420248	SNAI2 GENE	SNAI2', 'http://purl.obolibrary.org/obo/PR_000015309'
C1415073	GJA5 GENE	GJA5', 'http://purl.obolibrary.org/obo/PR_P28234'
C1415074	GJC1 GENE	GJC1', 'http://purl.obolibrary.org/obo/PR_P18861'
C1412836	BTF3P11 GENE	'GENE', 'http://purl.obolibrary.org/obo/SO_0000704'
C1420806	TNFRSF25 GENE	TNFRSF25', 'http://purl.obolibrary.org/obo/PR_Q93038'
C0666361	TNFSF11 PROTEIN, HUMAN	'TNFSF11', 'http://purl.obolibrary.org/obo/PR_000002107'
C0288472	ONCOPROTEIN P21	'P21', 'http://purl.obolibrary.org/obo/PR_000016596')
C0291147	TUBEROUS SCLEROSIS COMPLEX 2 PROTEIN	('TUBEROUS SCLEROSIS COMPLEX', 'http://purl.obolibrary.org/obo/MONDO_0019341')
C1136240	RIBOSOMAL PROTEIN S6 KINASES, 70-KDA	('RIBOSOMAL PROTEIN', 'http://purl.obolibrary.org/obo/GO_0003735')
C0456879	TNM CERTAINTY FACTOR C1	[]
C0757948	SN 38G	[]
C4284131	UGT1A GENE	('UGT1A', 'http://purl.obolibrary.org/obo/PR_000017048')
C1421330	UGT1A6 GENE	('UGT1A6', 'http://purl.obolibrary.org/obo/PR_P19224')
C1122343	UDP-GLUCURONOSYLTRANSFERASE, UGT1A8	UGT1A8', 'http://purl.obolibrary.org/obo/PR_000017055')
C1421333	UGT1A9 GENE	('UGT1A9', 'http://purl.obolibrary.org/obo/PR_O60656')
C3657722	VDR PROTEIN, HUMAN	VDR', 'http://purl.obolibrary.org/obo/PR_000017283'
C0273115	LUNG INJURY	'INJURY', 'http://purl.obolibrary.org/obo/MONDO_0021178'
C1823619	VEGFA GENE	('VEGFA', 'http://purl.obolibrary.org/obo/PR_O73682')
C0617347	4-(4-SULFOPHENYLAZO)-2-MERCURIPHENOL	[]
C1421571	ZFP36 GENE	('ZFP36', 'http://purl.obolibrary.org/obo/PR_P26651')
C1412999	C4A GENE	('C4A', 'http://purl.obolibrary.org/obo/PR_P08649')
C0206678	HELIX-LOOP-HELIX MOTIFS	'HELIX', 'http://purl.obolibrary.org/obo/MONDO_0060564'
C1705280	CDKN2A WT ALLELE	'CDKN2A', 'http://purl.obolibrary.org/obo/PR_000029097'
C1452431	MAP2 PROTEIN, HUMAN	('MAP2', 'http://purl.obolibrary.org/obo/PR_P11137')
C1417771	NOX4 GENE	('NOX4', 'http://purl.obolibrary.org/obo/PR_000001826')
C0035826	ROMANIA	[]
C4277606	LIVER X RECEPTORS	'LIVER', 'http://www.ebi.ac.uk/efo/EFO_0000887'
C1420399	SREBF2 GENE	('SREBF2', 'http://purl.obolibrary.org/obo/PR_Q3T1I5')
C2825313	COMPUTER GRID	'GRID', 'http://purl.obolibrary.org/obo/PR_000008220'
C1413982	DFFA GENE	('DFFA', 'http://purl.obolibrary.org/obo/PR_000002188')
C1437927	CASP4 PROTEIN, HUMAN	('CASP4', 'http://purl.obolibrary.org/obo/PR_Q9FFZ7')
C1413154	CBR1 GENE	('CBR1', 'http://purl.obolibrary.org/obo/PR_P16152')
C1413155	CBR3 GENE	('CBR3', 'http://purl.obolibrary.org/obo/PR_Q8K354')
C0045811	2-AMINO-1-METHYL-6-PHENYLIMIDAZO(4,5-B)PYRIDINE	PYRIDINE', 'http://purl.obolibrary.org/obo/CHEBI_16227')
C1571602	AN 7A (PEPTIDE)	'PEPTIDE', 'http://purl.obolibrary.org/obo/PR_000018263')
C3887614	PERCENT VOLUME PER VOLUME	'VOLUME', 'http://purl.obolibrary.org/obo/PATO_0000918'
C1826706	PRPF6 GENE	('PRPF6', 'http://purl.obolibrary.org/obo/PR_A1A5S1')
C0175721	CLAMP (DEVICE)	('CLAMP', 'http://purl.obolibrary.org/obo/PR_Q99JL1')
C4050150	PLEC WT ALLELE	'PLEC', 'http://purl.obolibrary.org/obo/PR_Q15149'
C1424132	MAML2 GENE	('MAML2', 'http://purl.obolibrary.org/obo/PR_Q8IZL2')
C1425326	SLC22A11 GENE	('SLC22A11', 'http://purl.obolibrary.org/obo/PR_000014982')
C1705204	DEVICE SPRING	'DEVICE', 'http://purl.obolibrary.org/obo/OBI_0000968')
C3887682	PLATELET GLYCOPROTEIN 4, HUMAN	('PLATELET GLYCOPROTEIN 4', 'http://purl.obolibrary.org/obo/PR_000001905')
C0348035	OXIDIZED LOW DENSITY LIPOPROTEIN	('LIPOPROTEIN', 'http://purl.obolibrary.org/obo/CHEBI_6495')
C1415801	HTN3 GENE	('HTN3', 'http://purl.obolibrary.org/obo/PR_000008832')
C1424954	BANF1 GENE	('BANF1', 'http://purl.obolibrary.org/obo/PR_Q6P026')
C1413284	CDIPT GENE	('CDIPT', 'http://purl.obolibrary.org/obo/PR_P70500')
C0108855	CDK2 PROTEIN, HUMAN	('CDK2', 'http://purl.obolibrary.org/obo/PR_P24941')
C0079141	COMPACT DISCS	[]
C1425278	SLC2A12 GENE	('SLC2A12', 'http://purl.obolibrary.org/obo/PR_Q8TD20')
C0962567	TRPV4 PROTEIN, HUMAN	('TRPV4', 'http://purl.obolibrary.org/obo/PR_Q9HBA0')
C0543468	THEA PLANT	'THEA', 'http://purl.obolibrary.org/obo/PR_Q8WXI4')
C1310468	DDX58 PROTEIN, HUMAN	('DDX58', 'http://purl.obolibrary.org/obo/PR_Q6Q899')
C1530270	IRF1 PROTEIN, HUMAN	('IRF1', 'http://purl.obolibrary.org/obo/PR_P23570')
C2987124	PATIENT REPORTED OUTCOME	[]
C1413133	CASP8AP2 GENE	('CASP8AP2', 'http://purl.obolibrary.org/obo/PR_Q9WUF3')
C1427155	PAOX GENE	('PAOX', 'http://purl.obolibrary.org/obo/PR_Q6QHF9')
C1427370	MYLIP GENE	('MYLIP', 'http://purl.obolibrary.org/obo/PR_D3ZDI6')
C1427789	CASC2 GENE	'GENE', 'http://purl.obolibrary.org/obo/SO_0000704'
C1427969	KEAP1 GENE	('KEAP1', 'http://purl.obolibrary.org/obo/PR_000009277')
C1413687	CPSF4 GENE	('CPSF4', 'http://purl.obolibrary.org/obo/PR_Q5FVR7')
C0007262	CARNITINE O-PALMITOYLTRANSFERASE	('CARNITINE', 'http://purl.obolibrary.org/obo/CHEBI_39547')
C1428158	SLCO4C1 GENE	('SLCO4C1', 'http://purl.obolibrary.org/obo/PR_Q6ZQN7')
C1826446	NOC2L GENE	'NOC2L', 'http://purl.obolibrary.org/obo/PR_000011302'
C0439259	KILOCALORIE	[]
C1334896	NR0B2 GENE	'NR0B2', 'http://purl.obolibrary.org/obo/PR_000011391'
C0544691	HANGING	[]
C1824789	CREBZF GENE	'CREBZF', 'http://purl.obolibrary.org/obo/PR_Q91ZR3'
C1414199	DVL1 GENE	'DVL1', 'http://purl.obolibrary.org/obo/PR_000006766'
C4553379	APOLIPOPROTEIN(A), HUMAN	'APOLIPOPROTEIN(A)', 'http://purl.obolibrary.org/obo/PR_000009888'
C0043444	DEMOCRATIC REPUBLIC OF THE CONGO	
C3540475	CXADR WT ALLELE	'CXADR', 'http://purl.obolibrary.org/obo/PR_000006062'
C1539620	GSDMD GENE	'GSDMD', 'http://purl.obolibrary.org/obo/PR_P57764'
C0010622	CYPRUS	'CYP', 'http://purl.obolibrary.org/obo/CHEBI_38559'
C1711300	SPAN - PARAMETER	'SPAN', 'http://purl.obolibrary.org/obo/PR_Q9NHD5'
C0040715	CHROMOSOMAL TRANSLOCATION	
C2945739	CHOP (ACTION)	'CHOP', 'http://purl.obolibrary.org/obo/PR_Q62857'
C1825554	HVCN1 GENE	'HVCN1', 'http://purl.obolibrary.org/obo/PR_Q6DHQ1'
C0006622	CACAO PLANT	
C0042790	VISION DISORDERS	'VISION', 'http://purl.obolibrary.org/obo/GO_0007601'
C4049926	RADIOLOGICAL EXPOSURE DEVICE	'DEVICE', 'http://purl.obolibrary.org/obo/OBI_0000968'
C0036183	SAO TOME AND PRINCIPE	'SAO', 'http://purl.obolibrary.org/obo/MONDO_0008165'
C1333337	EPHA2 GENE	'EPHA2', 'http://purl.obolibrary.org/obo/PR_Q03145'
C1452792	EPHA3 PROTEIN, HUMAN	'EPHA3', 'http://purl.obolibrary.org/obo/PR_P29320'
C1853262	SLC47A1 GENE	'SLC47A1', 'http://purl.obolibrary.org/obo/PR_000015152'
C1853261	SLC47A2 GENE	'SLC47A2', 'http://purl.obolibrary.org/obo/PR_Q3V050'
C1412063	ABCA4 GENE	'ABCA4', 'http://purl.obolibrary.org/obo/PR_Q555Z5'
C1414672	FOXD3 GENE	'FOXD3', 'http://purl.obolibrary.org/obo/PR_000007611'
C1414685	FOXM1 GENE	'FOXM1', 'http://purl.obolibrary.org/obo/PR_O08696'
C2825315	GRID SECURITY INFRASTRUCTURE	
C3538867	AKR1C2 WT ALLELE	'AKR1C2', 'http://purl.obolibrary.org/obo/PR_P52895'
C3890720	PC-3 CELL LINE	'PC-3', 'http://purl.obolibrary.org/obo/CLO_0052068'
C1414819	FRZB GENE	'FRZB', 'http://purl.obolibrary.org/obo/PR_000007674'
C0023190	LEBANON	[]
C3887843	MICROBIOTA (ENVIRONMENT)	
C0010963	DANCING	[]
C1414925	GAD1 GENE	'GAD1', 'http://purl.obolibrary.org/obo/PR_Q04792'
C1538568	PAGE3 GENE	'PAGE3', 'http://purl.obolibrary.org/obo/PR_000031497'
C1414945	GAL GENE	'GAL', 'http://purl.obolibrary.org/obo/PR_000007889'
C3665471	US GALLON (QUALIFIER VALUE)	
C1415111	GLRX GENE	'GLRX', 'http://purl.obolibrary.org/obo/PR_Q9ESH6'
C1448313	ALOX15B PROTEIN, HUMAN	'ALOX15B', 'http://purl.obolibrary.org/obo/PR_Q8K4F2'
C1706339	GNAS WT ALLELE	'GNAS', 'http://purl.obolibrary.org/obo/PR_000029511'
C3541413	ACACA WT ALLELE	'ACACA', 'http://purl.obolibrary.org/obo/PR_Q13085'
C1555029	REVERSE	[]
C0530779	NMDA RECEPTOR A1	'NMDA RECEPTOR', 'http://purl.obolibrary.org/obo/GO_0004972'
C1333718	GTF2B GENE	'GTF2B', 'http://purl.obolibrary.org/obo/PR_000008313'
C3538705	ELANE WT ALLELE	'ELANE', 'http://purl.obolibrary.org/obo/PR_000007009'
C4520812	GLYPROMATE	[]
C1538686	PNPLA2 GENE	'PNPLA2', 'http://purl.obolibrary.org/obo/PR_P0C548'
C1313497	GZMA PROTEIN, HUMAN	'GZMA', 'http://purl.obolibrary.org/obo/PR_P12544'
C1568891	HGS PROTEIN, HUMAN	'HGS', 'http://purl.obolibrary.org/obo/PR_O14964'
C1705572	HRAS WT ALLELE	'HRAS', 'http://purl.obolibrary.org/obo/PR_P20171'
C0906368	MULTIDRUG RESISTANCE ASSOCIATED PROTEIN 1	'PROTEIN', 'http://purl.obolibrary.org/obo/GO_0003675'
C0068613	TENASCIN, HUMAN	'TENASCIN', 'http://purl.obolibrary.org/obo/PR_000016471'
C0386482	PURINOCEPTOR P2Z	'PURINOCEPTOR', 'http://purl.obolibrary.org/obo/GO_0004931'
C1418215	P2RX7 GENE	'P2RX7', 'http://purl.obolibrary.org/obo/PR_Q64663'
C0021666	INSULIN-LIKE GROWTH FACTOR 2	'INSULIN-LIKE GROWTH FACTOR', 'http://purl.obolibrary.org/obo/GO_0005159'
C1412430	AOC2 GENE	'AOC2', 'http://purl.obolibrary.org/obo/PR_Q812C9'
C1412082	ABCC8 GENE	'ABCC8', 'http://purl.obolibrary.org/obo/PR_Q09429'
C0021308	INFARCTION	
C1427165	SLC39A14 GENE	'SLC39A14', 'http://purl.obolibrary.org/obo/PR_000015128'
C2697654	IDO1 WT ALLELE	'IDO1', 'http://purl.obolibrary.org/obo/PR_P14902'
C0162508	JUN GENE	'JUN', 'http://purl.obolibrary.org/obo/PR_000009232'
C0022457	K-RAS ONCOGENE	'RAS', 'http://purl.obolibrary.org/obo/PR_P03967'
C0162449	PHOSPHOFRUCTOKINASE	
C1416868	LIPE GENE	'LIPE', 'http://purl.obolibrary.org/obo/PR_P54310'
C0018229	GREENLAND	[]
C0073186	RHOB GTP-BINDING PROTEIN	('RHOB', 'http://purl.obolibrary.org/obo/PR_P62746')
C1416967	MAFF GENE	'MAFF', 'http://purl.obolibrary.org/obo/PR_Q90595'
C1454489	MAPT PROTEIN, HUMAN	'MAPT', 'http://purl.obolibrary.org/obo/PR_P10637'
C0526871	PROMMP-2	[]
C0439275	MICROGRAM PER LITER	[]
C1540289	CD200 GENE	�CD200', 'http://purl.obolibrary.org/obo/PR_P41217'
C1565830	PTGS1 PROTEIN, HUMAN	'PTGS1', 'http://purl.obolibrary.org/obo/PR_O62664'
C4284286	C2 WT ALLELE	[]
C1414101	DNAH5 GENE	'DNAH5', 'http://purl.obolibrary.org/obo/PR_Q8TE73'
C1417500	MUC7 GENE	'MUC7', 'http://purl.obolibrary.org/obo/PR_Q8TAX7'
C1417530	MYD88 GENE	'MYD88', 'http://purl.obolibrary.org/obo/PR_Q5XJ85'
C0919425	CYP1A1 GENE	'CYP1A1', 'http://purl.obolibrary.org/obo/PR_P04798'
C1417651	NDUFS8 GENE	'NDUFS8', 'http://purl.obolibrary.org/obo/PR_Q8K3J1'
C1414905	GABPA GENE	�GABPA', 'http://purl.obolibrary.org/obo/PR_000007763'
C1417700	NFE2L1 GENE	'NFE2L1', 'http://purl.obolibrary.org/obo/PR_000011169'
C0257766	SILV PROTEIN, HUMAN	'SILV', 'http://purl.obolibrary.org/obo/PR_Q60696'
C0027752	NERVE GROWTH FACTOR	'NERVE', 'http://purl.obolibrary.org/obo/UBERON_0001021'
C0907533	NOS1 PROTEIN, HUMAN	'NOS1', 'http://purl.obolibrary.org/obo/PR_000011326'
C1417870	NTSR1 GENE	'NTSR1', 'http://purl.obolibrary.org/obo/PR_P30989'
C1412101	ABR GENE	'ABR', 'http://purl.obolibrary.org/obo/PR_A0A0G2JTR4'
C1412662	ATP5MC1 GENE	'ATP5MC1', 'http://purl.obolibrary.org/obo/PR_P05496'
C3849253	PCSK1 PROTEIN, HUMAN	'PCSK1', 'http://purl.obolibrary.org/obo/PR_P28840'
C0429863	PULSATILITY INDEX, ARTERIAL VELOCITY WAVEFORM	'VELOCITY', 'http://purl.obolibrary.org/obo/CHEBI_145500'
C0142580	PI3 PROTEIN, HUMAN	'PI3', 'http://purl.obolibrary.org/obo/PR_000012680'
C1335226	PLCG2 GENE	'PLCG2', 'http://purl.obolibrary.org/obo/PR_000012837'
C1428925	PLB1 GENE	'PLB1', 'http://purl.obolibrary.org/obo/PR_Q3TTY0'
C0070876	PHOSPHOLAMBAN	[]
C0069304	POU5F1 PROTEIN, HUMAN	'POU5F1', 'http://purl.obolibrary.org/obo/PR_000013044'
C3887582	PEROXISOME PROLIFERATOR-ACTIVATED RECEPTOR GAMMA, HUMAN	'PEROXISOME PROLIFERATOR-ACTIVATED RECEPTOR GAMMA', 'http://purl.obolibrary.org/obo/PR_000013058'
C1418779	PPARGC1A GENE	'PPARGC1A', 'http://purl.obolibrary.org/obo/PR_O70343'
C3890372	PPARGC1A WT ALLELE	'PPARGC1A', 'http://purl.obolibrary.org/obo/PR_O70343'
C1431473	PPID PROTEIN, HUMAN	'PPID', 'http://purl.obolibrary.org/obo/PR_P0ADY1'
C0024944	MAURITIUS	[]
C0030266	PANAMA	[]
C0041388	TUNISIA	[]
C1430988	PTEN PROTEIN, HUMAN	'PTEN', 'http://purl.obolibrary.org/obo/PR_O08586'
C1419071	PTGIS GENE	'PTGIS', 'http://purl.obolibrary.org/obo/PR_000013424'
C1566685	PTPN11 PROTEIN, HUMAN	'PTPN11', 'http://purl.obolibrary.org/obo/PR_P41499'
C2699239	SD, RAT STRAIN	'RAT', 'http://purl.obolibrary.org/obo/NCBITaxon_10116'
C1335602	RBL2 GENE	'RBL2', 'http://purl.obolibrary.org/obo/PR_Q08999'
C1438309	RBP4 PROTEIN, HUMAN	'RBP4', 'http://purl.obolibrary.org/obo/PR_000013821'
C1332397	BCL2L1 GENE	'BCL2L1', 'http://purl.obolibrary.org/obo/PR_000002308'
C1510467	TRAUMA QUALIFIER	'TRAUMA', 'http://purl.obolibrary.org/obo/MONDO_0021178'
C0007820	CEREBROVASCULAR DISORDERS	'DISORDERS', 'http://purl.obolibrary.org/obo/MONDO_0000001'
C0018799	HEART DISEASES	'HEART', 'http://www.ebi.ac.uk/efo/EFO_0000815'
C0039725	THAILAND	[]
C1113672	NHE2 ANTIPORTER	'NHE2', 'http://purl.obolibrary.org/obo/PR_P48763'
C1822654	SCGB1D4 GENE	'SCGB1D4', 'http://purl.obolibrary.org/obo/PR_000014508'
C0300824	SNAP RECEPTOR	'SNAP', 'http://purl.obolibrary.org/obo/PR_P60881'
C0005854	BLOOD - BRAIN BARRIER ANATOMY	'BLOOD', 'http://purl.obolibrary.org/obo/UBERON_0000178')
C1420115	SLC18A2 GENE	'SLC18A2', 'http://purl.obolibrary.org/obo/PR_Q27963'
C0038817	SUNLIGHT	[]
C0038187	STARVATION	
C3539617	DIGESTIVE SYSTEM FINDINGS DOMAIN	'DIGESTIVE SYSTEM', 'http://purl.obolibrary.org/obo/UBERON_0001007'
C1423842	NELFCD GENE	'NELFCD', 'http://purl.obolibrary.org/obo/PR_000029641'
C0242706	HYPEROXIA	[]
C4555210	CAGE ANTIBODY	'CAGE', 'http://purl.obolibrary.org/obo/PR_000029392'
C0034115	PARACENTESIS	
C0063717	INTERLEUKIN 6 RECEPTOR	[]
C0529196	ADAM17 PROTEIN	'ADAM17', 'http://purl.obolibrary.org/obo/PR_P78536'
C0178324	VASCULAR SYSTEM INJURIES	'VASCULAR SYSTEM', 'http://purl.obolibrary.org/obo/UBERON_0007798'
C0038769	SULFOTRANSFERASE	
C1708096	FRAGMENT	[]
C1522376	GCLC PROTEIN, HUMAN	'GCLC', 'http://purl.obolibrary.org/obo/MONDO_0006275'
C1704241	COMPLEX (MOLECULAR ENTITY)	'MOLECULAR ENTITY', 'http://purl.obolibrary.org/obo/CHEBI_23367'
C1530761	VDAC2 PROTEIN, HUMAN	'VDAC2', 'http://purl.obolibrary.org/obo/PR_Q60930'
C3540685	BETA-TRACE PROTEIN MEASUREMENT	'BETA-TRACE PROTEIN', 'http://purl.obolibrary.org/obo/PR_000013419'
C1413843	CYBA GENE	'CYBA', 'http://purl.obolibrary.org/obo/PR_P13498'
C0213574	NEUTROPHIL CYTOSOL FACTOR 67K	CYTOSOL', 'http://purl.obolibrary.org/obo/GO_0005829'
C0080384	1,10-PHENANTHROLINE-PLATINUM(II)-ETHYLENEDIAMINE	'1,10-PHENANTHROLINE', 'http://purl.obolibrary.org/obo/CHEBI_44975'
C0600495	INHIBITORY CONCENTRATION 50	'INHIBITOR', 'http://purl.obolibrary.org/obo/CHEBI_35222'
C3811719	MIR150 WT ALLELE	[]
C1537753	MIR98 GENE	'GENE', 'http://purl.obolibrary.org/obo/SO_0000704'
C1099354	RNA, SMALL INTERFERING	'RNA', 'http://purl.obolibrary.org/obo/GO_0005562'
C1538486	NRK GENE	'NRK', 'http://purl.obolibrary.org/obo/PR_000011430'
C0074129	SCAVENGER RECEPTOR	[]
C2347379	OBSERVATION RESULT	
C0439148	UNIT	[]
C0210492	TISSUE INHIBITOR OF METALLOPROTEINASE-3	TIMP, http://purl.obolibrary.org/obo/PR_000016354
C0145947	TISSUE-INHIBITOR OF METALLOPROTEINASE-1	TIMP, http://purl.obolibrary.org/obo/PR_000016354
C4083144	X-BOX BINDING PROTEIN 1, HUMAN	'PROTEIN', 'http://purl.obolibrary.org/obo/GO_0003675')
C1176299	MIMIC BRAND OF TEBUFENOZIDE	'TEBUFENOZIDE', 'http://purl.obolibrary.org/obo/CHEBI_38452'
C1312062	SHC1 PROTEIN, HUMAN	'SHC1', 'http://purl.obolibrary.org/obo/PR_000003178'
C1415875	IDE GENE	'IDE', 'http://purl.obolibrary.org/obo/PR_P22817'
C0037215	SITOSTEROLS	'STEROL', 'http://purl.obolibrary.org/obo/CHEBI_15889'
C0010290	CREATINE KINASE MB ISOENZYME	'CREATINE KINASE', 'http://purl.obolibrary.org/obo/PR_000029971'
C0537474	STEROL REGULATORY ELEMENT BINDING PROTEIN 1C	'STEROL', 'http://purl.obolibrary.org/obo/CHEBI_15889'
C1415321	GSK3B GENE	'GSK3B', 'http://purl.obolibrary.org/obo/PR_000008288'
C0002594	TRANSAMINASES	
C1506953	SLC2A3 PROTEIN, HUMAN	'SLC2A3', 'http://purl.obolibrary.org/obo/PR_P28568'
C1412104	ACACA GENE	'ACACA', 'http://purl.obolibrary.org/obo/PR_Q13085'
C3812195	CHEMOKINE (C-X-C MOTIF) LIGAND 10 MEASUREMENT	'LIGAND', 'http://purl.obolibrary.org/obo/GO_0005488'
C1412299	AIF1 GENE	'AIF1', 'http://purl.obolibrary.org/obo/PR_P55009'
C0243043	HEAT-SHOCK PROTEINS 70	'PROTEIN', 'http://purl.obolibrary.org/obo/GO_0003675')
C0077503	TUMOR NECROSIS FACTOR RECEPTOR	'TUMOR NECROSIS FACTOR', 'http://purl.obolibrary.org/obo/PR_000000134'
C1419240	RAD51 GENE	'RAD51', 'http://purl.obolibrary.org/obo/PR_Q27297'
C4553546	CHEMOKINE (C-X-C MOTIF) LIGAND 3 MEASUREMENT	'LIGAND', 'http://purl.obolibrary.org/obo/GO_0005488'
C0081487	AGGRECANS	[]
C0079189	CYTOKINE	[]
C0536847	UNCOUPLING PROTEIN 2	'PROTEIN', 'http://purl.obolibrary.org/obo/GO_0003675'
C1412078	ABCC3 GENE	'ABCC3', 'http://purl.obolibrary.org/obo/PR_Q9LK64'
C0134177	2-NITROPHENYLGALACTOSIDE, (BETA-D)-ISOMER	GAL', 'http://purl.obolibrary.org/obo/PR_000007889'
C0016955	GALACTOSIDASE	'GAL', 'http://purl.obolibrary.org/obo/PR_000007889'
C0162745	COLLAGENASE	'COLLAGEN', 'http://purl.obolibrary.org/obo/GO_0005202'
C1413844	CYBB GENE	'CYBB', 'http://purl.obolibrary.org/obo/PR_P04839'
C0251211	ATP-DEPENDENT PHOSPHOENOLPYRUVATE CARBOXYKINASE	'PHOSPHOENOLPYRUVATE', 'http://purl.obolibrary.org/obo/CHEBI_58702'
C0919496	TFAP2A GENE	'TFAP2A', 'http://purl.obolibrary.org/obo/PR_P58197'
C0078056	VASCULAR CELL ADHESION MOLECULE-1	'CELL ADHESION MOLECULE', 'http://purl.obolibrary.org/obo/GO_0098631'
C1420177	SLC2A6 GENE	'SLC2A6', 'http://purl.obolibrary.org/obo/PR_000015069'
C1413892	CYP51A1 GENE	'CYP51A1', 'http://purl.obolibrary.org/obo/PR_000006147'
C1537574	LIN9 GENE	'LIN9', 'http://purl.obolibrary.org/obo/PR_Q5TKA1'
C1412070	ABCB11 GENE	'ABCB11', 'http://purl.obolibrary.org/obo/PR_Q9QY30'
C3810839	B2	[]
C0003593	APOLIPOPROTEINS B	'APOLIPOPROTEINS', 'http://purl.obolibrary.org/obo/CHEBI_39015'
C1412494	AQP4 GENE	'AQP4', 'http://purl.obolibrary.org/obo/PR_P55088'
C1417401	MT1X GENE	'MT1X', 'http://purl.obolibrary.org/obo/PR_P80297'
C1417402	MT2A GENE	'MT2A', 'http://purl.obolibrary.org/obo/PR_000010704'
C1417608	NCF1 GENE	'NCF1', 'http://purl.obolibrary.org/obo/PR_Q09014'
C1571151	NGF PROTEIN, HUMAN	'NGF', 'http://purl.obolibrary.org/obo/PR_P25427'
C1418892	PRH1 GENE	'PRH1', 'http://purl.obolibrary.org/obo/PR_Q03319'
C1516061	ASTLER-COLLER B1 RECTAL CARCINOMA	'RECTAL CARCINOMA', 'http://purl.obolibrary.org/obo/MONDO_0044937'
C1412824	ZFP36L1 GENE	'ZFP36L1', 'http://purl.obolibrary.org/obo/PR_P17431'
C1448132	INSR PROTEIN, HUMAN	'INSR', 'http://purl.obolibrary.org/obo/PR_P15208'
C0010182	COSTA RICA	[]
C1428435	DNAJB7 GENE	'DNAJB7', 'http://purl.obolibrary.org/obo/PR_Q7Z6W7'
C0012873	DNA MODIFICATION METHYLASES	'DNA MODIFICATION', 'http://purl.obolibrary.org/obo/GO_0006304'
C1824302	VSIR GENE	'VSIR', 'http://purl.obolibrary.org/obo/PR_000036955'
C1414326	EIF2AK3 GENE	'EIF2AK3', 'http://purl.obolibrary.org/obo/PR_Q9Z1Z1'
C0034804	ESTROGEN RECEPTORS	'ESTROGEN', 'http://purl.obolibrary.org/obo/CHEBI_50114'
C3813209	PROS1 WT ALLELE	'PROS1', 'http://purl.obolibrary.org/obo/PR_000013269'
C4049944	KI67 MEASUREMENT	'KI67', 'http://purl.obolibrary.org/obo/PR_000010425'
C0020197	HYALURONIDASE	[]
C0255813	RECEPTORS, TUMOR NECROSIS FACTOR, TYPE II	'TUMOR NECROSIS FACTOR', 'http://purl.obolibrary.org/obo/PR_000000134'
C3890184	ABCC6 WT ALLELE	'ABCC6', 'http://purl.obolibrary.org/obo/PR_O95255'
C1698756	CXCL8 PROTEIN, HUMAN	'CXCL8', 'http://purl.obolibrary.org/obo/PR_000001395'
C1530963	GDNF PROTEIN, HUMAN	'GDNF', 'http://purl.obolibrary.org/obo/PR_P48540'
C1335213	PIK3CB GENE	'PIK3CB', 'http://purl.obolibrary.org/obo/PR_Q9Z1L0'
C1412234	PLIN2 GENE	'PLIN2', 'http://purl.obolibrary.org/obo/PR_000003766'
C1968832	SLC46A1 GENE	'SLC46A1', 'http://purl.obolibrary.org/obo/PR_Q96NT5'
C1456828	MET PROTEIN, HUMAN	'MET', 'http://purl.obolibrary.org/obo/PR_Q8CH25'
C0206454	GROWTH FACTOR RECEPTORS	'GROWTH', 'http://purl.obolibrary.org/obo/GO_0040007'
C0027096	MYOSIN ATPASE	'ATPASE', 'http://purl.obolibrary.org/obo/GO_0016887'
C1506697	CD47 PROTEIN, HUMAN	CD47', 'http://purl.obolibrary.org/obo/PR_000001399'
C0378796	VASCULAR ENDOTHELIAL GROWTH FACTOR RECEPTOR-2	'VASCULAR ENDOTHELIAL GROWTH FACTOR RECEPTOR', 'http://purl.obolibrary.org/obo/PR_000001971'
C1426212	SOCS3 GENE	'SOCS3', 'http://purl.obolibrary.org/obo/PR_Q90X67'
C1705795	CYP2E1 WT ALLELE	'CYP2E1', 'http://purl.obolibrary.org/obo/PR_Q05421'
C0034838	SEROTONIN RECEPTOR	'SEROTONIN', 'http://purl.obolibrary.org/obo/CHEBI_350546'
C1420744	TJP1 GENE	'TJP1', 'http://purl.obolibrary.org/obo/PR_P39447'
C0796517	CYP GENE	'CYP', 'http://purl.obolibrary.org/obo/CHEBI_38559'
C0021027	IMMUNOGLOBULINS	[]
C0042071	UROKINASE	
C3712409	DTX1 PROTEIN, HUMAN	'DTX1', 'http://purl.obolibrary.org/obo/PR_Q61010'
C1412096	ABCG1 GENE	'ABCG1', 'http://purl.obolibrary.org/obo/PR_O80946'
C1423548	DCTN4 GENE	'DCTN4', 'http://purl.obolibrary.org/obo/PR_Q9QUR2'
C1702242	SUB1 PROTEIN, HUMAN	'SUB1', 'http://purl.obolibrary.org/obo/PR_000015810'
C0230444	SHIN	[]
C0452741	SOY MILK	'MILK', 'http://purl.obolibrary.org/obo/UBERON_0001913'
C0018882	HELIX (SNAILS)	'HELIX', 'http://purl.obolibrary.org/obo/MONDO_0060564'
C0453310	RAISINS	
C0021853	INTESTINES	
C1420314	SOS1 GENE	'SOS1', 'http://purl.obolibrary.org/obo/PR_Q62245'
C1825497	ATG5 GENE	'ATG5', 'http://purl.obolibrary.org/obo/PR_Q9W3R7'
C0220780	AMINOBUTYRIC ACID	'AMINO', 'http://purl.obolibrary.org/obo/CHEBI_46882'
C1366496	CYP19A1 GENE	'CYP19A1', 'http://purl.obolibrary.org/obo/PR_000006100'
C0812228	AKT1 GENE	'AKT1', 'http://purl.obolibrary.org/obo/PR_000002190'
C1308226	SDHB PROTEIN, HUMAN	'SDHB', 'http://purl.obolibrary.org/obo/PR_P21914'
C1442767	UQCRC1 GENE	'UQCRC1', 'http://purl.obolibrary.org/obo/PR_P31930'
C1420307	SOD2 GENE	'SOD2', 'http://purl.obolibrary.org/obo/PR_Q9UQX0'
C1453431	BECN1 PROTEIN, HUMAN	'BECN1', 'http://purl.obolibrary.org/obo/PR_000004719'
C3538851	REG3A WT ALLELE	'REG3A', 'http://purl.obolibrary.org/obo/PR_000013871'
C0249197	CDKN1A GENE	'CDKN1A', 'http://purl.obolibrary.org/obo/PR_000005274'
C1456396	SLC40A1 GENE	'SLC40A1', 'http://purl.obolibrary.org/obo/PR_000015138'
C0015688	NONESTERIFIED FATTY ACIDS	'FATTY ACIDS', 'http://purl.obolibrary.org/obo/CHEBI_35366'
C1881502	MUTYH WT ALLELE	'MUTYH', 'http://purl.obolibrary.org/obo/PR_Q9UIF7'
C1421997	SLC2A7 GENE	'SLC2A7', 'http://purl.obolibrary.org/obo/PR_000015070'
C0034821	LOW DENSITY LIPOPROTEIN RECEPTOR	'LIPOPROTEIN', 'http://purl.obolibrary.org/obo/CHEBI_6495'
C0290741	MULTIDRUG RESISTANCE-ASSOCIATED PROTEINS	
C1420120	SLC1A2 GENE	'SLC1A2', 'http://purl.obolibrary.org/obo/PR_P43006'
C1413949	DDOST GENE	'DDOST', 'http://purl.obolibrary.org/obo/PR_P39656'
C1434703	SLC39A4 PROTEIN, HUMAN	'SLC39A4', 'http://purl.obolibrary.org/obo/PR_Q6P5W5'
C1070653	PUMA <FELIDAE>	'FELIDAE', 'http://purl.obolibrary.org/obo/NCBITaxon_9681'
C1427590	DIABLO GENE	'DIABLO', 'http://purl.obolibrary.org/obo/PR_Q9NR28')
C0034861	RECOMBINANT PROTEINS	'PROTEINS', 'http://purl.obolibrary.org/obo/CHEBI_36080'
C0031670	PHOSPHOLIPASE D	'LIPA', 'http://purl.obolibrary.org/obo/PR_Q9Z0M5'
C1417099	MEF2A GENE	'MEF2A', 'http://purl.obolibrary.org/obo/PR_Q2MJT0'
C1412209	ADAMTS3 GENE	'ADAMTS3', 'http://purl.obolibrary.org/obo/PR_000003732'
C4255123	ADAMTS4 PROTEIN	'ADAMTS4', 'http://purl.obolibrary.org/obo/PR_Q9TT93')
C0667477	TNFRSF11A PROTEIN, HUMAN	'TNFRSF11A', 'http://purl.obolibrary.org/obo/PR_000001954'
C1707108	CDK1 WT ALLELE	'CDK1', 'http://purl.obolibrary.org/obo/PR_P23572'
C3884530	EPGN PROTEIN, HUMAN	'EPGN', 'http://purl.obolibrary.org/obo/PR_Q5EG71'
C1564199	SONE	'SON', 'http://purl.obolibrary.org/obo/PR_000015406'
C1413754	CSHL1 GENE	'CSHL1', 'http://purl.obolibrary.org/obo/PR_Q14406'
C1436224	GLUTATHIONE S-TRANSFERASE A1, HUMAN	'GLUTATHIONE S-TRANSFERASE A1', 'http://purl.obolibrary.org/obo/PR_000008294'
C1825498	ATG7 GENE	'ATG7', 'http://purl.obolibrary.org/obo/PR_P38862'
C1865043	ATG12 GENE	'ATG12', 'http://purl.obolibrary.org/obo/PR_Q86CR6'
C0025252	MEMBRANE PROTEINS	'PROTEIN', 'http://purl.obolibrary.org/obo/GO_0003675')
C3711669	CALB2 PROTEIN, HUMAN	'CALB2', 'http://purl.obolibrary.org/obo/PR_000004968'
C1414886	FZD1 GENE	'FZD1', 'http://purl.obolibrary.org/obo/PR_O57328'
C4283742	CERAMIDE GLUCOSYLTRANSFERASE, HUMAN	'CERAMIDE GLUCOSYLTRANSFERASE', 'http://purl.obolibrary.org/obo/PR_000017043'
C1415278	GPX4 GENE	'GPX4', 'http://purl.obolibrary.org/obo/PR_O70325'
C1367798	MAP3K1 PROTEIN, HUMAN	'MAP3K1', 'http://purl.obolibrary.org/obo/PR_Q62925'
C1417014	MAP3K5 GENE	'MAP3K5', 'http://purl.obolibrary.org/obo/PR_000010138'
C1334477	MAP3K7 GENE	'MAP3K7', 'http://purl.obolibrary.org/obo/PR_P0C8E4'
C1539371	EXOSC9 GENE	'EXOSC9', 'http://purl.obolibrary.org/obo/PR_Q5XJQ5'
C1825552	HTRA1 GENE	'HTRA1', 'http://purl.obolibrary.org/obo/PR_Q9R118'
C0262593	PERIPHERAL NERVE INJURIES	'PERIPHERAL NERVE', 'http://purl.obolibrary.org/obo/UBERON_0001021'
C0292777	AQUAPORIN 4	'AQUAPORIN', 'http://purl.obolibrary.org/obo/GO_0015250'
C0259275	BRCA1 PROTEIN	'BRCA1', 'http://purl.obolibrary.org/obo/PR_O54952'
		
C0016767	FRUIT	[]
C0038088	SRI LANKA	
C0013161	DRUG CARRIERS	'CARRIERS', 'http://purl.obolibrary.org/obo/CHEBI_78059'
C1177210	CUPRIC CATION	'CATION', 'http://purl.obolibrary.org/obo/CHEBI_36916'
C0024851	MARSHALL ISLANDS	[]
C1415169	GNRH1 GENE	'GNRH1', 'http://purl.obolibrary.org/obo/PR_P01148'
C1095869	ECHINACEA <ASTERACEAE>	
C0018437	PROTON-TRANSLOCATING ATPASES	'ATPASE', 'http://purl.obolibrary.org/obo/GO_0016887'
C0206055	SPECTROSCOPY, FOURIER TRANSFORM INFRARED	
C0049194	5-FLUOROURIDINE 5'-TRIPHOSPHATE	TRIPHOSPHATE', 'http://purl.obolibrary.org/obo/CHEBI_39949')
C0016344	FLUORODEOXYURIDYLATE	'FLUORO', 'http://purl.obolibrary.org/obo/CHEBI_42645'
C0043287	WYOMING	[]
C0254662	GABA-C RECEPTOR	'GABA', 'http://purl.obolibrary.org/obo/CHEBI_16865'
C1382144	CYTOCHROME P-450 CYP2C8	'CYP2C8', 'http://purl.obolibrary.org/obo/PR_000006119'
C1080684	GYMNEMA	[]
C2976730	HC 030031	[]
C0018296	GUANOSINE TRIPHOSPHATE PHOSPHOHYDROLASES	�GUANOSINE TRIPHOSPHATE', 'http://purl.obolibrary.org/obo/CHEBI_15996'
C4044495	IGF1R PROTEIN, HUMAN	'IGF1R', 'http://purl.obolibrary.org/obo/CLO_0053698'
C1120118	BIAPIGENIN	[]
C0663458	KB R7943	[]
C3529658	KPT-185	[]
C0035978	RWANDA	[]
C0034700	RATS, INBRED BN	'RATS', 'http://purl.obolibrary.org/obo/NCBITaxon_10114'
C0083453	MDK PROTEIN, HUMAN	'MDK', 'http://purl.obolibrary.org/obo/PR_Q9R1S9'
C0300483	SOX2 TRANSCRIPTION FACTOR	'SOX2', 'http://purl.obolibrary.org/obo/PR_P48432�
C1427164	NANOG GENE	'NANOG', 'http://purl.obolibrary.org/obo/PR_Q9H9S0'
		
C0086767	PANAX	[]
C0076172	N-TRIS(HYDROXYMETHYL)METHYL-2-AMINOMETHANE SULFONATE	SULFONATE', 'http://purl.obolibrary.org/obo/CHEBI_33543'
C1266126	PLEXIFORM FIBROHISTIOCYTIC TUMOR	'FIBROHISTIOCYTIC TUMOR', 'http://purl.obolibrary.org/obo/MONDO_0006717'
C1567060	RELA PROTEIN, HUMAN	'RELA', 'http://purl.obolibrary.org/obo/PR_Q04207'
C2347961	REVEREND	
C1824637	MCU GENE	'MCU', 'http://purl.obolibrary.org/obo/PR_Q8IQ70'
C4077014	SB 366791	[]
C1144553	SC 435	[]
C0085114	NF2 GENE	'NF2', 'http://purl.obolibrary.org/obo/PR_P46662'
C3273807	SODIUM-GLUCOSE TRANSPORTER 2 INHIBITORS	INHIBITORS', 'http://purl.obolibrary.org/obo/CHEBI_35222'
C0038108	SAINT HELENA ISLANDS	[]
C0618948	SK&F-525-A	[]
C0214828	SP 303	[]
C1719918	SIGMA	[]
C1328819	SMALL MOLECULE	MOLECULE', 'http://purl.obolibrary.org/obo/CHEBI_25367'
C0998924	LATEOLABRAX JAPONICUS	
C0600519	VENTRICULAR REMODELING	[]
C3660416	T16AINH-A01	[]
C0033640	PROTEIN KINASES	'PROTEIN', 'http://purl.obolibrary.org/obo/GO_0003675'
C0027627	NEOPLASM METASTASIS	'NEOPLASM', 'http://purl.obolibrary.org/obo/HP_0002664'
C0040704	TRANSIENT POPULATION GROUP	POPULATION', 'http://purl.obolibrary.org/obo/OBI_0000181'
C0815304	RELIGIOUS SIN	
C3252639	CYP1A1 PROTEIN, HUMAN	'CYP1A1', 'http://purl.obolibrary.org/obo/PR_P04798'
C0933641	TRUNK OF MEDIAL BASAL SEGMENTAL ARTERY	'ARTERY', 'http://purl.obolibrary.org/obo/UBERON_0001637'
C1413296	CDR2 GENE	'CDR2', 'http://purl.obolibrary.org/obo/PR_P87050'
C1506212	AZAMULIN	[]
C0001954	ALCOHOL OXIDOREDUCTASES	'ALCOHOL', 'http://purl.obolibrary.org/obo/CHEBI_16236'
C0233656	MENTAL CONDENSATION	
C0949872	CUMINUM CYMINUM	[]
C2976767	DIHYDROROBINETIN	[]
C0016859	FUROCOUMARINS	[]
C1200103	GLUTA	[]
C0007673	CENTRAL AFRICAN REPUBLIC	
C0061467	GLUTAMATE TRANSPORTER	'GLUTAMATE', 'http://purl.obolibrary.org/obo/CHEBI_14321'
C0033681	PROTEIN TYROSINE KINASE	'TYROSINE', 'http://purl.obolibrary.org/obo/CHEBI_17895'
C3492755	KUGUACIN J	[]
C0915709	LEPTINE I	'LEPTIN', 'http://purl.obolibrary.org/obo/PR_000009758'
C1969641	HOTAIR GENE	'GENE', 'http://purl.obolibrary.org/obo/SO_0000704'
C0020289	HYDROLASE	[]
C3843708	29+	[]
C1333242	DNMT3B GENE	'DNMT3B', 'http://purl.obolibrary.org/obo/PR_Q9UBC3'
C0872351	MONOLAYER	[]
C1709060	MODULATOR DEVICE	'DEVICE', 'http://purl.obolibrary.org/obo/OBI_0000968'
C0031179	PEROXIDASES	'PEROXIDASE', 'http://purl.obolibrary.org/obo/CHEBI_8027'
C0032098	PLANTS	
C1027798	ASPALATHUS	[]
C0046181	2-HYDROXYAMINO-1-METHYL-6-PHENYLIMIDAZO(4,5-B)PYRIDINE	'PYRIDINE', 'http://purl.obolibrary.org/obo/CHEBI_16227'
C0046182	2-HYDROXYAMINO-3-METHYLIMIDAZOLO(4,5-F)QUINOLINE	'QUINOLINE', 'http://purl.obolibrary.org/obo/CHEBI_17362'
C4084955	ADMINISTRATIVE - CLINICAL CLASS	
C0002245	ALPHA-AMYLASES	'ALPHA', 'http://purl.obolibrary.org/obo/PR_000001067'
C1413336	CEL GENE	'CEL', 'http://purl.obolibrary.org/obo/PR_000023035'
C0085805	ANDROGEN BINDING PROTEIN	'ANDROGEN BINDING', 'http://purl.obolibrary.org/obo/GO_0005497'
C1318464	OCCUPATIONAL THERAPY REGIME	
C0036429	SCLEROSIS	[]
C0242973	VENTRICULAR DYSFUNCTION	
C0342257	COMPLICATIONS OF DIABETES MELLITUS	'DIABETES MELLITUS', 'http://www.ebi.ac.uk/efo/EFO_0000400'
C1416543	KCNA1 GENE	'KCNA1', 'http://purl.obolibrary.org/obo/PR_P10499'
C0937932	RASBURICASE	'RAS', 'http://purl.obolibrary.org/obo/PR_P03967'
C3838679	4+ ANSWER TO QUESTION	
C0019796	HMGB1 PROTEIN	'HMGB1', 'http://purl.obolibrary.org/obo/PR_P63158'
C0019054	HEMOLYSIS (DISORDER)	'DISORDER', 'http://purl.obolibrary.org/obo/DOID_0060035'
C1825631	IYD GENE	'IYD', 'http://purl.obolibrary.org/obo/PR_Q9DCX8'
C1420214	SLC6A4 GENE	'SLC6A4', 'http://purl.obolibrary.org/obo/PR_Q9MYX0'
C0110611	CONNEXINS	'CONNEXIN', 'http://purl.obolibrary.org/obo/GO_0005243'
C0035681	DNA-DIRECTED RNA POLYMERASE	'RNA', 'http://purl.obolibrary.org/obo/GO_0005562'
C0057823	DICARBOXYLATE-BINDING PROTEIN	'PROTEIN', 'http://purl.obolibrary.org/obo/GO_0003675'
C1420097	SLC13A2 GENE	'SLC13A2', 'http://purl.obolibrary.org/obo/PR_Q13183'
C0077414	3-AMINO-1-METHYL-5H-PYRIDO(4,3-B)INDOLE	INDOLE', 'http://purl.obolibrary.org/obo/CHEBI_35581'), ('MET', 'http://purl.obolibrary.org/obo/PR_Q8CH25'
C4553628	DOCUMENT TYPE DEFINITION	
C0063164	HYDROXYMETHYLGLUTARYL COENZYME A REDUCTASE	COENZYME A', 'http://purl.obolibrary.org/obo/CHEBI_15346')
C0018837	HEAT (PHYSICAL FORCE)	[]
C0023837	LIPOXYGENASE	'OXYGENASE', 'http://purl.obolibrary.org/obo/GO_0016701'
C0812307	LYN GENE	'LYN', 'http://purl.obolibrary.org/obo/PR_000010002'
C0024485	MAGNETIC RESONANCE IMAGING	
C0166033	I KAPPA B BETA PROTEIN	'BETA', 'http://purl.obolibrary.org/obo/PR_000022207'
C1420006	SGCB GENE	'SGCB', 'http://purl.obolibrary.org/obo/PR_P82349'
C1412820	BRD1 GENE	'BRD1', 'http://purl.obolibrary.org/obo/PR_G5E8P1'
C1416829	LGALS1 GENE	'LGALS1', 'http://purl.obolibrary.org/obo/PR_000009766'
C1335987	SMALL INDUCIBLE CYTOKINE B11	'B11', 'http://purl.obolibrary.org/obo/CLO_0001785'
C0043241	WOUND INFECTION	'INFECTION', 'http://purl.obolibrary.org/obo/MONDO_0005550'
C3146324	RBFOX3 GENE	'RBFOX3', 'http://purl.obolibrary.org/obo/PR_000006252'
C0041700	UNITED KINGDOM	[]
C0035953	RUNNING (PHYSICAL ACTIVITY)	[]
C0080286	V-H-RAS ONCOGENES	RAS', 'http://purl.obolibrary.org/obo/PR_P03967'
C1429614	CBL PROTEIN, HUMAN	'CBL', 'http://purl.obolibrary.org/obo/PR_000023210'
C0349966	FIGS - DIETARY	
C1565120	B-CELL LEUKEMIA 2 FAMILY PROTEINS	'B-CELL', 'http://purl.obolibrary.org/obo/CL_0000236'
C3887665	THROMBOPOIETIN, HUMAN	'THROMBOPOIETIN', 'http://purl.obolibrary.org/obo/PR_000016318'
C0140145	APEX1 PROTEIN, HUMAN	'APEX1', 'http://purl.obolibrary.org/obo/PR_P28352'
C1551083	ERG - UNIT OF MEASURE	ERG', 'http://purl.obolibrary.org/obo/PR_000000791'
C0035100	CHYMOSIN	'SIN', 'http://purl.obolibrary.org/obo/PR_Q64355'
C0600388	EXTRACELLULAR SIGNAL REGULATED KINASES	
C0001471	RECEPTORS, PURINERGIC P1	
C0086894	RAJIFORMES	[]
C0043316	XANTHINE DEHYDROGENASE	'XANTHINE', 'http://purl.obolibrary.org/obo/CHEBI_15318'
C0004623	BACTERIAL INFECTIONS	'INFECTION', 'http://purl.obolibrary.org/obo/MONDO_0005550'
C0030909	PEPSIN A	'SIN', 'http://purl.obolibrary.org/obo/PR_Q64355'
C0919458	ABCC1 GENE	'ABCC1', 'http://purl.obolibrary.org/obo/PR_Q9C8G9'
C1704927	ABCG2 WT ALLELE	'ABCG2', 'http://purl.obolibrary.org/obo/PR_Q7TMS5'
C0534101	KLK6 PROTEIN, HUMAN	'KLK6', 'http://purl.obolibrary.org/obo/PR_P36374
C0004732	BANGLADESH	[]
C2349105	VANADIUM 5+	'VANADIUM', 'http://purl.obolibrary.org/obo/CHEBI_35170'
C0596123	AHR GENE	'AHR', 'http://purl.obolibrary.org/obo/PR_000003858'
C1711207	SUBFAMILY	[]
C0547047	DECREASE	[]
C0004739	BARBADOS	
C0034044	PUERTO RICO	[]
C1222172	RHODIOLA KIRILOWII	
C2936411	TH17 CELLS	'CELL', 'http://purl.obolibrary.org/obo/CL_0000000'
C0007054	CARBOXY-LYASES	'CARBOXY', 'http://purl.obolibrary.org/obo/CHEBI_46883'
C0391845	LYSOSOMAL ENZYME	[]
C3812726	MELANOMA-ASSOCIATED ANTIGEN FAMILY	'MELANOMA-ASSOCIATED ANTIGEN', 'http://purl.obolibrary.org/obo/PR_000018057'
C0600322	RHODAMINE	
C1267092	SMOOTH MUSCLE (TISSUE)	'SMOOTH MUSCLE', 'http://purl.obolibrary.org/obo/UBERON_0000953'
C0108555	CASEIN KINASE II	
C0812246	TNF GENE	'TNF', 'http://purl.obolibrary.org/obo/PR_000000134'
C0019472	HEXOKINASE	
C1423529	ANKH GENE	'ANKH', 'http://purl.obolibrary.org/obo/PR_P58366'
C1427984	HBP1 GENE	'HBP1', 'http://purl.obolibrary.org/obo/PR_000008463'
C1858559	APPL1 GENE	'APPL1', 'http://purl.obolibrary.org/obo/PR_Q9UKG1'
C0072460	ERBB3 RECEPTOR PROTEIN-TYROSINE KINASE	'ERBB3', 'http://purl.obolibrary.org/obo/PR_Q61526'
C1412302	AIP GENE	'AIP', 'http://purl.obolibrary.org/obo/PR_O00170'
C1416523	IVD GENE	'IVD', 'http://purl.obolibrary.org/obo/PR_P26440'
C1416548	KCNA5 GENE	'KCNA5', 'http://purl.obolibrary.org/obo/PR_P19024'
C1416612	KCNQ1 GENE	'KCNQ1', 'http://purl.obolibrary.org/obo/PR_Q9Z0N7'
C3493221	LDLR PROTEIN, HUMAN	'LDLR', 'http://purl.obolibrary.org/obo/PR_000009744'
C0671550	MMP14 PROTEIN, HUMAN	'MMP14', 'http://purl.obolibrary.org/obo/PR_P50281'
C0019080	HEMORRHAGE	
C3541261	CD4 EXPRESSING CELL COUNT	'CD4', 'http://purl.obolibrary.org/obo/PR_P01730'
C3538720	CD8 EXPRESSING CELL COUNT	'CD8', 'http://purl.obolibrary.org/obo/CLO_0053438'
C0063690	INTEGRASE	'RAS', 'http://purl.obolibrary.org/obo/PR_P03967'
C1332684	CCL21 GENE	'CCL21', 'http://purl.obolibrary.org/obo/PR_O00585'
C0125642	LEUKOTRIENE D4 RECEPTOR	'LEUKOTRIENE D4', 'http://purl.obolibrary.org/obo/CHEBI_63166'
C0536221	HSD17B4 PROTEIN, HUMAN	'HSD17B4', 'http://purl.obolibrary.org/obo/PR_000008781'
C1412880	ANO2 GENE	'ANO2', 'http://purl.obolibrary.org/obo/PR_000004057'
		
C0038615	SUCCINATE DEHYDROGENASE	'SUCCINATE', 'http://purl.obolibrary.org/obo/CHEBI_30031'
C3829443	JUNE	'JUN', 'http://purl.obolibrary.org/obo/PR_000009232'
C0917927	BREAST-CONSERVING SURGERY	'BREAST', 'http://purl.obolibrary.org/obo/UBERON_0000310'
C0022645	KIDD BLOOD-GROUP SYSTEM	'BLOOD', 'http://purl.obolibrary.org/obo/UBERON_0000178'
C1415466	HAND1 GENE	'HAND1', 'http://purl.obolibrary.org/obo/PR_O96004'
C3541881	DEVICE IDENTIFIERS DOMAIN	�DEVICE', 'http://purl.obolibrary.org/obo/OBI_0000968'
C1451765	SNAP25 PROTEIN, HUMAN	'SNAP25', 'http://purl.obolibrary.org/obo/PR_P60881'
C0108801	TFRC PROTEIN, HUMAN	'TFRC', 'http://purl.obolibrary.org/obo/PR_000001945'
C0535210	METABOTROPIC GLUTAMATE RECEPTOR TYPE 1	'GLUTAMATE', 'http://purl.obolibrary.org/obo/CHEBI_14321'
C0244554	TMF PROTOCOL	'TMF', 'http://purl.obolibrary.org/obo/PR_000016441'
C1421172	TRPC5 GENE	'TRPC5', 'http://purl.obolibrary.org/obo/PR_Q9QX29'
C0022877	LABORATORY	
C3889152	NT5E WT ALLELE	'NT5E', 'http://purl.obolibrary.org/obo/PR_Q61503'
C0064494	CARBOXYAMIDO-TRIAZOLE	'TRIAZOLE', 'http://purl.obolibrary.org/obo/CHEBI_38597'
C0608070	DICARBOXYDINE	'CARBOXY', 'http://purl.obolibrary.org/obo/CHEBI_46883'
C1413109	CAPN1 GENE	'CAPN1', 'http://purl.obolibrary.org/obo/PR_000005009'
C4520829	CHOLECYSTOKININ, HUMAN	'CHOLECYSTOKININ', 'http://purl.obolibrary.org/obo/PR_000005110'
C1704243	GREATER	[]
C1539835	SPEN GENE	'SPEN', 'http://purl.obolibrary.org/obo/PR_Q62504'
C3273668	WIF1 WT ALLELE	'WIF1', 'http://purl.obolibrary.org/obo/PR_Q6IN38'
C0014651	EQUATORIAL GUINEA	[]
C1424742	EXOSC2 GENE	'EXOSC2', 'http://purl.obolibrary.org/obo/PR_Q8VBV3'
C1413778	CSTA GENE	'CSTA', 'http://purl.obolibrary.org/obo/PR_P56567'
C1823307	ANO10 GENE	'ANO10', 'http://purl.obolibrary.org/obo/PR_000004056'
C1826357	NAA50 GENE	'NAA50', 'http://purl.obolibrary.org/obo/PR_Q6PGB6'
C0038944	SURINAME	
C0597611	TUMOR SUPPRESSOR PROTEINS	'TUMOR SUPPRESSOR', 'http://purl.obolibrary.org/obo/GO_0008181'
C1417248	MPZ GENE	'MPZ', 'http://purl.obolibrary.org/obo/PR_P06907'
C1565427	PTK2 PROTEIN, HUMAN	'PTK2', 'http://purl.obolibrary.org/obo/PR_Q00944'
C3274435	PROTHROMBIN ACTIVITY MEASUREMENT	'PROTHROMBIN', 'http://purl.obolibrary.org/obo/CHEBI_8583'
C0022173	ISOENZYMES	[]
C0001924	ALBUMINS	[]
C0812252	CRK GENE	'CRK', 'http://purl.obolibrary.org/obo/PR_000005882'
C1415075	GJA8 GENE	'GJA8', 'http://purl.obolibrary.org/obo/PR_P36381'
C1412382	AMELX GENE	'AMELX', 'http://purl.obolibrary.org/obo/PR_000003988'
C1422026	ZNF304 GENE	'ZNF304', 'http://purl.obolibrary.org/obo/PR_Q9HCX3'
C1416865	LIPA GENE	'LIPA', 'http://purl.obolibrary.org/obo/PR_Q9Z0M5'
C1528298	ASIP PROTEIN, HUMAN	�ASIP', 'http://purl.obolibrary.org/obo/PR_Q03288'
C0597717	FLUORESCENCE RESONANCE ENERGY TRANSFER	
C1418449	PEA15 GENE	'PEA15', 'http://purl.obolibrary.org/obo/PR_Q15121'
C0919509	FGFR1 GENE	'FGFR1', 'http://purl.obolibrary.org/obo/PR_P11362'
C0030375	PAPUA NEW GUINEA	[]
C4282114	BCL-2-LIKE PROTEIN 11, HUMAN	'BCL-2-LIKE PROTEIN 11', 'http://purl.obolibrary.org/obo/PR_000002187'
C0019941	HORSERADISH PEROXIDASE	'HORSERADISH', 'http://purl.obolibrary.org/obo/NCBITaxon_3704'
C0037173	SINGAPORE	
C1710637	VMAX	[]
C1612111	HUMAN MUC1 PROTEIN	'MUC1', 'http://purl.obolibrary.org/obo/PR_Q02496'
C1138483	STO 609	'STO', 'http://purl.obolibrary.org/obo/PR_Q96288'
C2000212	PDK1 PROTEIN, HUMAN	'PDK1', 'http://purl.obolibrary.org/obo/PR_Q9XF67'
C0056184	RECEPTORS, COMPLEMENT 3D	[]
C1367731	MAPK8 GENE	'MAPK8', 'http://purl.obolibrary.org/obo/PR_P45983')
C1425056	RHOQ GENE	'RHOQ', 'http://purl.obolibrary.org/obo/PR_Q9JJL4'
C1418920	PRKCH GENE	'PRKCH', 'http://purl.obolibrary.org/obo/PR_Q64617'
C1414444	ERN1 GENE	'ERN1', 'http://purl.obolibrary.org/obo/PR_P32361'
C3541313	PIK3R2 WT ALLELE	'PIK3R2', 'http://purl.obolibrary.org/obo/PR_000012725'
C2349968	BORON 3+	'BORON', 'http://purl.obolibrary.org/obo/CHEBI_27560'
